mu,seed,ARI,n,m,density,mean_degree,degree_cv,degree_gini,degree_q25,degree_q50,degree_q75,degree_q95,clustering_mean,clustering_q25,clustering_q50,clustering_q75,transitivity,triangles,components,largest_component_fraction,isolate_fraction,bridges,bridge_fraction,articulation_fraction,core_max,core_mean,communities,modularity,largest_community_fraction,community_gini,assortativity,betweenness_mean,betweenness_q95
0.0,0,1.0,300,1225,0.027313266443701228,8.166666666666666,0.32177661752656744,0.18051972789115633,6.0,8.0,10.0,13.0,0.09867600917600917,0.05036630036630037,0.09523809523809523,0.14148351648351648,0.10147733061640346,332,4,0.25,0.0,0,0.0,0.0,6.0,5.4,4,0.7498702207413578,0.25,0.0,0.004068953662549511,0.0010309802282437058,0.00315339395123293
0.0,1,1.0,300,1236,0.027558528428093646,8.24,0.30866941701219597,0.1687567421790721,6.0,8.0,10.0,12.0,0.11463899063899063,0.06666666666666667,0.1111111111111111,0.14285714285714285,0.11251134186914004,372,4,0.25,0.0,0,0.0,0.0,6.0,5.473333333333334,4,0.7497185303882448,0.25,0.0,-0.03951103536795385,0.0010566148010127878,0.0032628040304214802
0.0,2,1.0,300,1218,0.027157190635451505,8.12,0.35747394200052685,0.2016611932129173,6.0,8.0,10.0,13.0,0.12263570688570688,0.07023809523809524,0.1111111111111111,0.16666666666666666,0.11564009661835749,383,4,0.25,0.0,2,0.0016420361247947454,0.006666666666666667,6.0,5.156666666666666,4,0.7486457920465055,0.25,0.0,0.023106097686478585,0.0010416221651196845,0.003561595398604462
0.0,3,1.0,300,1175,0.026198439241917504,7.833333333333333,0.3237679925383363,0.18030070921985808,6.0,8.0,9.0,13.0,0.09731487956487955,0.047619047619047616,0.09090909090909091,0.14285714285714285,0.09573048699132755,287,4,0.25,0.0,0,0.0,0.0,6.0,5.013333333333334,4,0.749858940697148,0.25,0.0,-0.043232023101713736,0.0010759331271122804,0.00327446476591858
0.0,4,1.0,300,1175,0.026198439241917504,7.833333333333333,0.3503603525529309,0.1960453900709218,6.0,8.0,10.0,13.0,0.10656242450360097,0.06666666666666667,0.10714285714285714,0.14285714285714285,0.1136586963642319,347,4,0.25,0.0,0,0.0,0.0,6.0,4.943333333333333,4,0.7494605703938434,0.25,0.0,0.021653537340817968,0.0010455544351674585,0.0033819664318693096
0.0,5,1.0,300,1151,0.025663322185061316,7.673333333333333,0.3559459496877228,0.19721980886185908,6.0,7.5,9.25,13.0,0.09920819580030106,0.05555555555555555,0.09307359307359307,0.13333333333333333,0.09681818181818182,284,4,0.25,0.0,1,0.0008688097306689834,0.0033333333333333335,5.0,4.77,4,0.7493774536704003,0.25,0.0,0.02273511443667936,0.0010655845418809226,0.003591780668026567
0.0,6,0.9955604389077789,300,1237,0.02758082497212932,8.246666666666666,0.3463731075485951,0.19396658582592297,6.0,8.0,10.0,13.0,0.11193691928986046,0.07023809523809524,0.1027526395173454,0.14285714285714285,0.11189634864546526,380,5,0.25,0.0033333333333333335,1,0.0008084074373484236,0.0033333333333333335,6.0,5.373333333333333,5,0.7498923321541607,0.25,0.19866666666666677,0.010583370346264062,0.0009964091714643425,0.0029163755226369347
0.0,7,1.0,300,1194,0.026622073578595317,7.96,0.33297540609143755,0.18753489670575085,6.0,8.0,10.0,13.0,0.10848993598993596,0.06666666666666667,0.10811688311688311,0.14285714285714285,0.10668517727466895,333,4,0.25,0.0,0,0.0,0.0,6.0,5.21,4,0.7497117076168109,0.25,0.0,-0.03773602304702412,0.0010773670256732503,0.0033144000030410725
0.0,8,1.0,300,1215,0.02709030100334448,8.1,0.3472187928500058,0.19237860082304525,6.0,8.0,10.0,13.0,0.10565660428895723,0.06666666666666667,0.1,0.14285714285714285,0.1060837664322837,347,4,0.25,0.0,0,0.0,0.0,6.0,5.35,4,0.7490673847143898,0.25,0.0,-0.013168238289504763,0.0010511804113142286,0.0032896487597657916
0.0,9,1.0,300,1297,0.02891861761426979,8.646666666666667,0.33522625621320684,0.18818041634541238,7.0,8.0,11.0,14.0,0.1266235314393209,0.08888888888888889,0.12200956937799043,0.16666666666666666,0.12587224906065486,469,4,0.25,0.0,1,0.0007710100231303007,0.0033333333333333335,6.0,5.496666666666667,4,0.7489604442729768,0.25,0.0,0.00122158425418294,0.0009986318494092734,0.002981369940590264
0.05,0,1.0,300,1229,0.027402452619843923,8.193333333333333,0.3264924880437281,0.1829454841334417,6.0,8.0,10.0,13.0,0.09603320753320753,0.047619047619047616,0.09523809523809523,0.1369949494949495,0.09713536413153116,321,1,1.0,0.0,0,0.0,0.0,6.0,5.403333333333333,4,0.7034021851896235,0.25,0.0,-0.0034123795704170527,0.0085599852095945,0.030005218409032534
0.05,1,1.0,300,1245,0.027759197324414717,8.3,0.3055113815206257,0.17200535475234258,7.0,8.0,10.0,12.050000000000011,0.0955901505901506,0.05036630036630037,0.09307359307359307,0.13333333333333333,0.09758281110116383,327,1,1.0,0.0,0,0.0,0.0,6.0,5.243333333333333,4,0.693445912162707,0.25,0.0,0.010445258132002692,0.008421678529165455,0.025390393636204836
0.05,2,1.0,300,1210,0.02697881828316611,8.066666666666666,0.3354496486380563,0.1865206611570247,6.0,8.0,10.0,13.0,0.10261375008433833,0.05036630036630037,0.09523809523809523,0.14285714285714285,0.09949217535495906,320,1,1.0,0.0,1,0.0008264462809917355,0.0033333333333333335,6.0,4.983333333333333,4,0.703129226145755,0.25,0.0,0.055016213648217946,0.008719890520819668,0.02934374007357402
0.05,3,1.0,300,1187,0.026465997770345598,7.913333333333333,0.3137877892506471,0.17409997191800053,6.0,8.0,9.0,12.0,0.09417488720429895,0.047619047619047616,0.09032634032634032,0.1369949494949495,0.09462271383200088,288,1,1.0,0.0,1,0.0008424599831508003,0.0033333333333333335,5.0,4.8566666666666665,4,0.6992031052492993,0.25,0.0,-0.02621766319263895,0.009066189477017407,0.02870352319623041
0.05,4,1.0,300,1176,0.026220735785953176,7.84,0.3419636275802014,0.193829365079365,6.0,8.0,10.0,12.050000000000011,0.09806312206312207,0.0553030303030303,0.09090909090909091,0.13333333333333333,0.09701819776364833,295,1,1.0,0.0,0,0.0,0.0,5.0,4.8133333333333335,4,0.6982568750289231,0.25,0.0,0.04383953778922576,0.008322398099652795,0.026437449614877918
0.05,5,0.9955604389077789,300,1170,0.02608695652173913,7.8,0.3498536057759996,0.19469230769230772,6.0,8.0,10.0,12.0,0.08239946545828898,0.024786324786324785,0.07142857142857142,0.1111111111111111,0.08299349718946324,251,2,0.9966666666666667,0.0033333333333333335,1,0.0008547008547008547,0.0033333333333333335,5.0,4.806666666666667,5,0.6803831543575133,0.25,0.19866666666666677,0.02668526104449069,0.00840530842342296,0.026617647960749818
0.05,6,0.9910811504997546,300,1237,0.02758082497212932,8.246666666666666,0.3078652854583692,0.17375909458367,6.0,8.0,10.0,12.0,0.10123112073112073,0.05555555555555555,0.09090909090909091,0.1388888888888889,0.0969690866982177,321,1,1.0,0.0,1,0.0008084074373484236,0.0033333333333333335,6.0,5.653333333333333,4,0.6908998287117305,0.25333333333333335,0.004999999999999893,-0.03633547152378214,0.008299235661367749,0.026567439564982937
0.05,7,1.0,300,1178,0.026265328874024527,7.8533333333333335,0.3280806260068173,0.18432088285229198,6.0,8.0,10.0,12.0,0.0885647408147408,0.0362012987012987,0.08333333333333333,0.13333333333333333,0.0903076414158121,273,1,1.0,0.0,0,0.0,0.0,5.0,4.833333333333333,4,0.7029420963274059,0.25,0.0,-0.0068677567372935405,0.008751744581108285,0.02846622966483983
0.05,8,1.0,300,1208,0.02693422519509476,8.053333333333333,0.31925750445546885,0.17751655629139074,6.0,8.0,10.0,13.0,0.09227340687634805,0.047619047619047616,0.08888888888888889,0.13333333333333333,0.09083263246425567,288,1,1.0,0.0,0,0.0,0.0,5.0,4.88,4,0.7021868558396562,0.25,0.0,-0.007211169966457834,0.008840425435319132,0.029903191527109997
0.05,9,1.0,300,1289,0.028740245261984394,8.593333333333334,0.334608838492244,0.18707008016550297,7.0,8.0,10.0,13.0,0.10501955111165635,0.06666666666666667,0.09523809523809523,0.1388888888888889,0.10500544069640914,386,1,1.0,0.0,0,0.0,0.0,6.0,5.523333333333333,4,0.7076368580354988,0.25,0.0,0.0064661084323877965,0.008833170386682116,0.027295570550053935
0.1,0,1.0,300,1212,0.027023411371237458,8.08,0.33117171542006996,0.18619086908690852,6.0,8.0,10.0,13.0,0.07478894253894254,0.029671717171717172,0.06666666666666667,0.10256410256410256,0.07364060072501295,237,1,1.0,0.0,0,0.0,0.0,5.0,4.903333333333333,4,0.6490482278425862,0.25,0.0,-0.0364341402926636,0.007776632261399264,0.02115792947658762
0.1,1,0.9647436083513792,300,1222,0.027246376811594204,8.146666666666667,0.34643134825873034,0.19205946535733753,6.0,8.0,10.0,13.0,0.09508256612668377,0.047619047619047616,0.08333333333333333,0.13333333333333333,0.08883964544721998,294,1,1.0,0.0,0,0.0,0.0,5.0,4.836666666666667,4,0.6508905874569071,0.25333333333333335,0.004999999999999893,-0.033556159785959924,0.007702684835636731,0.022827323831962818
0.1,2,0.9560069927592152,300,1186,0.026443701226309922,7.906666666666666,0.32256527251991246,0.17881394041596388,6.0,8.0,9.0,12.0,0.09173442896972307,0.047619047619047616,0.08333333333333333,0.13333333333333333,0.08737864077669903,267,1,1.0,0.0,2,0.0016863406408094434,0.006666666666666667,6.0,5.21,4,0.6597562484181669,0.25333333333333335,0.008333333333333304,-0.011023985975163516,0.00823068584909854,0.025331862211156086
0.1,3,0.9910811504997546,300,1222,0.027246376811594204,8.146666666666667,0.330250899519289,0.18203764320785587,6.0,8.0,10.0,13.0,0.0653176578323637,0.024786324786324785,0.0641025641025641,0.09523809523809523,0.06813321112129544,223,1,1.0,0.0,1,0.0008183306055646482,0.0033333333333333335,5.0,4.866666666666666,4,0.6336005073381888,0.25333333333333335,0.004999999999999893,-0.03141365797299236,0.0075618074059915575,0.022060948786193996
0.1,4,1.0,300,1174,0.026176142697881828,7.826666666666667,0.3130529377056545,0.17501135718341843,6.0,8.0,9.0,12.0,0.07873744773744774,0.03571428571428571,0.06904761904761905,0.10714285714285714,0.07807066741447,232,1,1.0,0.0,0,0.0,0.0,5.0,4.85,4,0.6492984714237207,0.25,0.0,-0.003963021537273857,0.0077675728177158876,0.02121254597757986
0.1,5,0.9822836237620116,300,1165,0.025975473801560758,7.766666666666667,0.34224608703759024,0.1895708154506437,6.0,8.0,9.0,13.0,0.0751830197093355,0.027777777777777776,0.06666666666666667,0.1,0.07279436430727944,217,1,1.0,0.0,0,0.0,0.0,5.0,4.833333333333333,4,0.643048499696071,0.25666666666666665,0.010000000000000009,-0.006850805358846016,0.00789242118913655,0.022413214670249905
0.1,6,0.9732450690658084,300,1228,0.02738015607580825,8.186666666666667,0.3234508825568014,0.18152551574375675,6.0,8.0,10.0,13.0,0.0919095164095164,0.044444444444444446,0.08333333333333333,0.12727272727272726,0.08595727447605549,283,1,1.0,0.0,1,0.0008143322475570033,0.0033333333333333335,5.0,4.863333333333333,4,0.6422843345817992,0.25666666666666665,0.008333333333333304,-0.04251576243160398,0.00786398360865058,0.021158309423892005
0.1,7,0.9910811504997546,300,1154,0.02573021181716834,7.693333333333333,0.3379371634662068,0.1884719815135758,6.0,8.0,9.0,12.0,0.07247979199449787,0.027777777777777776,0.06666666666666667,0.10714285714285714,0.07484550240329595,218,1,1.0,0.0,0,0.0,0.0,5.0,4.803333333333334,4,0.6578377071387593,0.25333333333333335,0.004999999999999893,-0.05084127508780161,0.00788884436983524,0.025334506923314865
0.1,8,0.9910811504997546,300,1216,0.027112597547380157,8.106666666666667,0.3220325855400109,0.17932291666666655,6.0,8.0,10.0,13.0,0.0748466255966256,0.022222222222222223,0.06666666666666667,0.1111111111111111,0.07947019867549669,256,1,1.0,0.0,1,0.0008223684210526315,0.0033333333333333335,5.0,4.89,4,0.6514966970005194,0.25333333333333335,0.004999999999999893,0.016182354950470806,0.007829093453891612,0.02295761261066433
0.1,9,1.0,300,1286,0.02867335562987737,8.573333333333334,0.32696786727885785,0.18288750648004148,7.0,9.0,10.0,13.0,0.08710690479111531,0.047619047619047616,0.08012820512820512,0.1111111111111111,0.08408133357757831,306,1,1.0,0.0,1,0.0007776049766718507,0.0033333333333333335,6.0,5.47,4,0.6574175412203198,0.25,0.0,0.024205379547411535,0.007533437184048836,0.021864994151729763
0.2,0,0.938536930223174,300,1223,0.027268673355629876,8.153333333333334,0.3834919549138544,0.20958299264104663,6.0,8.0,10.0,13.050000000000011,0.07112684327134455,0.0,0.05555555555555555,0.1,0.06549192364170338,223,1,1.0,0.0,0,0.0,0.0,5.0,4.816666666666666,4,0.5496346597545412,0.26,0.01333333333333342,-0.047384355028104126,0.007005181076559828,0.018833506295684522
0.2,1,0.9124032838544754,300,1264,0.02818283166109253,8.426666666666666,0.32204712180374073,0.17902162447257375,7.0,8.0,10.0,13.0,0.054794853294853285,0.022222222222222223,0.047619047619047616,0.07348484848484849,0.055470834921845215,194,1,1.0,0.0,1,0.0007911392405063291,0.0033333333333333335,6.0,5.693333333333333,4,0.5359627238223041,0.26666666666666666,0.03166666666666673,-0.020533074052722398,0.006930619860055988,0.01960727826839119
0.2,2,0.9290662478286648,300,1202,0.026800445930880712,8.013333333333334,0.35148741235303543,0.19774265113699374,6.0,8.0,10.0,13.0,0.07030415445121327,0.022222222222222223,0.05555555555555555,0.1,0.06548856548856549,210,1,1.0,0.0,0,0.0,0.0,5.0,4.843333333333334,4,0.555789574225985,0.27,0.026666666666666616,0.013538503340336043,0.007191837993165088,0.01966365982984694
0.2,3,0.9471485368794381,300,1191,0.026555183946488294,7.94,0.34605513947229005,0.19236216064931422,6.0,8.0,9.0,13.0,0.06046213971213972,0.0,0.05454545454545454,0.08888888888888889,0.060012768674186,188,1,1.0,0.0,0,0.0,0.0,5.0,4.84,4,0.5507842544242749,0.25666666666666665,0.008333333333333304,-0.018730916003517093,0.00710828206678383,0.019036620852458958
0.2,4,0.9476273723323991,300,1158,0.02581939799331104,7.72,0.32585552233454973,0.182789291882556,6.0,7.5,9.0,12.0,0.05202048877048877,0.0,0.047619047619047616,0.07272727272727272,0.05222769442217386,152,1,1.0,0.0,1,0.0008635578583765112,0.0033333333333333335,5.0,4.823333333333333,4,0.5450437148200846,0.25666666666666665,0.008333333333333304,-0.043981351318785666,0.007319178661223541,0.019129708427118045
0.2,5,0.8375170244023765,300,1177,0.02624303232998885,7.846666666666667,0.36575127998659773,0.20477485131690742,6.0,7.5,10.0,13.0,0.05483295353883588,0.0,0.047619047619047616,0.08333333333333333,0.05777921239509361,179,1,1.0,0.0,2,0.0016992353440951572,0.006666666666666667,5.0,4.78,4,0.5274035987119305,0.2633333333333333,0.030000000000000027,-0.025572285332025043,0.007067072741315004,0.01814794524007834
0.2,6,0.8579684712280798,300,1227,0.027357859531772576,8.18,0.32269207639890235,0.18006519967400147,6.0,8.0,10.0,13.0,0.058159618159618155,0.011363636363636364,0.047619047619047616,0.08333333333333333,0.058447488584474884,192,2,0.9966666666666667,0.0033333333333333335,0,0.0,0.0,5.0,4.846666666666667,5,0.5205708425410603,0.26,0.20799999999999996,-0.009387574743334192,0.006714641439587016,0.016936047907365838
0.2,7,0.8617628038101576,300,1162,0.025908584169453734,7.746666666666667,0.3527937503887164,0.1960097532989098,6.0,7.0,9.0,13.0,0.056284678284678286,0.0,0.047619047619047616,0.09090909090909091,0.05825892857142857,174,1,1.0,0.0,1,0.0008605851979345956,0.0033333333333333335,5.0,4.8133333333333335,4,0.5405767402039927,0.2733333333333333,0.030000000000000027,0.03476303613855205,0.0072154526975362464,0.02056716025551022
0.2,8,0.9122436098896389,300,1182,0.026354515050167223,7.88,0.3580149942400914,0.20246192893401016,6.0,8.0,10.0,13.0,0.06117835867835867,0.0,0.05454545454545454,0.09523809523809523,0.06304953892343984,196,1,1.0,0.0,1,0.0008460236886632825,0.0033333333333333335,5.0,4.75,4,0.5570096140356905,0.28,0.04166666666666674,-0.003900868827325276,0.007276206168142956,0.020232966446756658
0.2,9,0.9822232338088257,300,1286,0.02867335562987737,8.573333333333334,0.3575748654464449,0.20137636080870913,6.0,8.0,11.0,14.0,0.06102174731586497,0.022222222222222223,0.05555555555555555,0.09199134199134198,0.06323437079558705,235,1,1.0,0.0,1,0.0007776049766718507,0.0033333333333333335,6.0,5.5,4,0.558997603090103,0.25333333333333335,0.008333333333333304,0.006689489588088793,0.00684416438905167,0.020533973212743688
0.3,0,0.8364859490469371,300,1194,0.026622073578595317,7.96,0.34720672703768246,0.19584868788386367,6.0,8.0,10.0,13.0,0.041943066193066196,0.0,0.03571428571428571,0.06666666666666667,0.044098984771573604,139,1,1.0,0.0,1,0.0008375209380234506,0.0033333333333333335,5.0,4.776666666666666,4,0.46943083648280487,0.26666666666666666,0.03166666666666673,0.027485242113864473,0.006821479257729032,0.017878576789341568
0.3,1,0.8449921356482133,300,1277,0.0284726867335563,8.513333333333334,0.32246671497395013,0.17806838945445036,7.0,8.0,10.0,13.050000000000011,0.046193016363295,0.0,0.03603896103896104,0.06666666666666667,0.04363636363636364,156,1,1.0,0.0,1,0.0007830853563038371,0.0033333333333333335,6.0,5.673333333333333,4,0.44016295779372294,0.26666666666666666,0.021666666666666723,-0.027966913458584524,0.0065519337341587314,0.016790776839542054
0.3,2,0.6705228769130903,300,1191,0.026555183946488294,7.94,0.34985401614256456,0.19615169325496784,6.0,8.0,10.0,13.0,0.04734500085970674,0.0,0.03571428571428571,0.06666666666666667,0.04520853231454951,142,1,1.0,0.0,1,0.0008396305625524769,0.0033333333333333335,5.0,4.81,5,0.4253338606579855,0.28,0.20266666666666677,0.0012558438357382444,0.006669463900496675,0.01824255617524572
0.3,3,0.5997464705387365,300,1225,0.027313266443701228,8.166666666666666,0.33561347037831374,0.18768163265306104,6.0,8.0,10.0,13.0,0.04085086745613062,0.0,0.03571428571428571,0.06666666666666667,0.04088431253785584,135,1,1.0,0.0,3,0.0024489795918367346,0.01,5.0,4.85,5,0.4030430653894211,0.24666666666666667,0.14666666666666672,-0.0007042864226041482,0.006593927985944541,0.016513152466021874
0.3,4,0.4169088482571271,300,1161,0.02588628762541806,7.74,0.36464639226099743,0.20557278208441,6.0,7.0,10.0,13.0,0.05103092278092278,0.0,0.044444444444444446,0.07272727272727272,0.05155210643015521,155,1,1.0,0.0,2,0.0017226528854435831,0.006666666666666667,5.0,4.733333333333333,7,0.4035284708821956,0.26,0.26666666666666683,-0.029352978033944016,0.006793132261843479,0.018015530023235502
0.3,5,0.7333074155119957,300,1213,0.027045707915273134,8.086666666666666,0.34578837185332306,0.19343226161033233,6.0,8.0,10.0,13.0,0.04341390581096463,0.0,0.03571428571428571,0.05769230769230769,0.041457672228477835,135,1,1.0,0.0,1,0.0008244023083264633,0.0033333333333333335,5.0,4.8566666666666665,4,0.4165865258816789,0.2733333333333333,0.046666666666666634,-0.0007782316676589513,0.006998198537517771,0.017069848899607127
0.3,6,0.5394060139111918,300,1276,0.028450390189520624,8.506666666666666,0.30856651453862843,0.1738845350052245,7.0,8.0,10.0,13.0,0.03897620897620898,0.0,0.03571428571428571,0.06456043956043955,0.04155672823218998,147,1,1.0,0.0,0,0.0,0.0,6.0,5.72,6,0.4044614955631332,0.24,0.18555555555555547,-0.03997018832011433,0.006676788501441933,0.018697955630667323
0.3,7,0.5402775563288033,300,1187,0.026465997770345598,7.913333333333333,0.3542651914133345,0.1944903117101937,6.0,8.0,9.0,14.0,0.04406498947675418,0.0,0.03571428571428571,0.06666666666666667,0.04379328716036228,137,1,1.0,0.0,1,0.0008424599831508003,0.0033333333333333335,5.0,4.843333333333334,5,0.4065025561243718,0.2866666666666667,0.17599999999999993,-0.035117745152839025,0.006806713166128005,0.018483188568040636
0.3,8,0.6617965821152236,300,1163,0.02593088071348941,7.753333333333333,0.33663901531262863,0.191017483519633,6.0,8.0,10.0,12.0,0.04375213675213675,0.0,0.03300865800865801,0.06666666666666667,0.04427670121676431,131,1,1.0,0.0,0,0.0,0.0,5.0,4.81,5,0.4386131132681586,0.26,0.20666666666666678,0.0014412483384297937,0.006846448290612154,0.019040593413432106
0.3,9,0.8163475288269796,300,1269,0.028294314381270905,8.46,0.31337032787566926,0.173793012871027,7.0,8.0,10.0,13.0,0.05355300255300255,0.0,0.044444444444444446,0.07175324675324675,0.05018534359851725,176,2,0.9966666666666667,0.0033333333333333335,0,0.0,0.0,6.0,5.703333333333333,5,0.46780597642391986,0.27666666666666667,0.22533333333333339,0.009155985920722249,0.006706095107771883,0.017693913105561242
0.4,0,0.21470466424004853,300,1201,0.02677814938684504,8.006666666666666,0.33898653754181207,0.1891534832084374,6.0,8.0,10.0,13.0,0.04408192684508474,0.0,0.03571428571428571,0.05555555555555555,0.04002100840336134,127,1,1.0,0.0,0,0.0,0.0,5.0,4.86,10,0.3572286763528312,0.17,0.2546666666666666,0.004677820758869621,0.006689932589606823,0.01693518384996534
0.4,1,0.18076990700945533,300,1283,0.028606465997770347,8.553333333333333,0.3420691327977861,0.1930007794232267,6.0,8.0,11.0,14.0,0.0448492895992896,0.0,0.03636363636363636,0.06666666666666667,0.04264236902050114,156,1,1.0,0.0,0,0.0,0.0,6.0,5.576666666666667,10,0.3394518765388749,0.2,0.21933333333333316,0.010792006529332156,0.006491817562650095,0.018520415030062767
0.4,2,0.2723531170156965,300,1203,0.026822742474916388,8.02,0.3437328181843434,0.19311997783319468,6.0,8.0,10.0,13.0,0.04027289377289377,0.0,0.027777777777777776,0.047619047619047616,0.0378716744913928,121,1,1.0,0.0,1,0.0008312551953449709,0.0033333333333333335,5.0,4.81,7,0.3561676302455278,0.24666666666666667,0.2304761904761905,-0.01420957870894625,0.0066244630035668505,0.01920048624761841
0.4,3,0.12394799534933204,300,1225,0.027313266443701228,8.166666666666666,0.3491883848487606,0.19663129251700662,6.0,8.0,10.0,13.0,0.03387128176834059,0.0,0.026709401709401708,0.047619047619047616,0.0354035403540354,118,1,1.0,0.0,2,0.0016326530612244899,0.006666666666666667,5.0,4.806666666666667,9,0.33580374843815075,0.21333333333333335,0.25555555555555554,0.04978338933277182,0.00660084058935674,0.01882855296646714
0.4,4,0.1431539223357597,300,1169,0.026064659977703457,7.793333333333333,0.3421610348705421,0.1905474764756201,6.0,7.0,10.0,12.0,0.04569922996393584,0.0,0.044444444444444446,0.06666666666666667,0.04462699822380107,134,1,1.0,0.0,0,0.0,0.0,5.0,4.836666666666667,9,0.3583451452222038,0.17666666666666667,0.21037037037037032,-0.07170549500136483,0.0067511293588721315,0.01745876076291961
0.4,5,0.1125096250812251,300,1190,0.02653288740245262,7.933333333333334,0.33937513455980967,0.1920728291316527,6.0,8.0,10.0,12.0,0.03458567358567358,0.0,0.026709401709401708,0.047619047619047616,0.03501820518312272,109,1,1.0,0.0,0,0.0,0.0,5.0,4.803333333333334,10,0.3485149353859191,0.17333333333333334,0.19533333333333314,0.00222248131978532,0.006784284636729776,0.017585223255732856
0.4,6,0.12835788944423007,300,1280,0.028539576365663323,8.533333333333333,0.3245245169619316,0.17902083333333318,7.0,8.0,10.0,13.050000000000011,0.03834220844514962,0.0,0.030303030303030304,0.05555555555555555,0.037802279255072735,136,1,1.0,0.0,0,0.0,0.0,6.0,5.683333333333334,10,0.33119049072265627,0.16333333333333333,0.17133333333333334,-0.04441053815714161,0.006325727766133306,0.018092279211467676
0.4,7,0.3648619176381932,300,1198,0.026711259754738016,7.986666666666666,0.3253777246257866,0.1820673344462993,6.0,8.0,10.0,12.0,0.02815940649764179,0.0,0.015151515151515152,0.044444444444444446,0.02813599062133646,88,1,1.0,0.0,1,0.0008347245409015025,0.0033333333333333335,5.0,4.83,7,0.3562887227181641,0.24,0.2752380952380953,-0.015128335327874406,0.0066285710577399575,0.01668275198055495
0.4,8,0.14206790094609945,300,1163,0.02593088071348941,7.753333333333333,0.343325981536889,0.190822585267985,6.0,8.0,10.0,12.0,0.03654190580661169,0.0,0.022222222222222223,0.047619047619047616,0.033980038129415725,101,1,1.0,0.0,2,0.0017196904557179708,0.006666666666666667,5.0,4.8133333333333335,10,0.34533099605269674,0.14666666666666667,0.20399999999999996,-0.0320578602841032,0.006745845800945297,0.02015315987448417
0.4,9,0.2810634903977812,300,1224,0.027290969899665552,8.16,0.3393464744654854,0.19211873638344223,6.0,8.0,10.0,13.0,0.03682091057091057,0.0,0.029437229437229435,0.05555555555555555,0.0390357070808957,129,1,1.0,0.0,0,0.0,0.0,5.0,4.85,8,0.35278532028279724,0.24,0.2908333333333333,0.00019644466558520115,0.006471469797925518,0.017210259223213155
0.5,0,0.03224357829558901,300,1232,0.027469342251950947,8.213333333333333,0.3461125001976252,0.19151515151515142,6.0,8.0,10.0,14.0,0.030027518233400587,0.0,0.020512820512820516,0.047619047619047616,0.029408852361619962,99,1,1.0,0.0,0,0.0,0.0,5.0,4.846666666666667,10,0.32251795992157195,0.17,0.16199999999999992,0.006408413136975582,0.006563475223612768,0.02010134835234718
0.5,1,0.06676213703745339,300,1256,0.028004459308807135,8.373333333333333,0.3322687945439059,0.1860774946921444,6.0,8.0,10.0,13.0,0.03415918587203417,0.0,0.022222222222222223,0.047619047619047616,0.03137593552101324,109,1,1.0,0.0,0,0.0,0.0,6.0,5.51,10,0.3235472914722707,0.17666666666666667,0.22733333333333317,6.535181443229224e-05,0.0064440351584913996,0.016537372775990513
0.5,2,0.05444481053063672,300,1202,0.026800445930880712,8.013333333333334,0.3414490302140392,0.19059068219633946,6.0,8.0,10.0,13.0,0.0336161871897166,0.0,0.026709401709401708,0.05555555555555555,0.03485815974039569,111,1,1.0,0.0,0,0.0,0.0,5.0,4.8533333333333335,10,0.33211632858159307,0.14333333333333334,0.17133333333333334,-0.019908466798768298,0.006538500820584329,0.01913623167261495
0.5,3,0.07061582573799266,300,1214,0.027068004459308806,8.093333333333334,0.3514644682342602,0.1976029654036242,6.0,8.0,10.0,13.0,0.030389971139971137,0.0,0.015151515151515152,0.04599567099567099,0.02900763358778626,95,1,1.0,0.0,0,0.0,0.0,5.0,4.806666666666667,9,0.3364593878664347,0.13666666666666666,0.07333333333333325,0.0033429188923856565,0.006696136878723394,0.01928070407288389
0.5,4,0.06341930135635611,300,1175,0.026198439241917504,7.833333333333333,0.3426787136219275,0.19353191489361699,6.0,8.0,10.0,12.0,0.023615699115699117,0.0,0.0,0.03571428571428571,0.022063666300768385,67,1,1.0,0.0,0,0.0,0.0,5.0,4.793333333333333,11,0.33109135355364416,0.17333333333333334,0.24303030303030315,-0.043249883509128687,0.006711726982712536,0.017889552570046166
0.5,5,0.07815524244343382,300,1187,0.026465997770345598,7.913333333333333,0.34187790093119447,0.1919966301600673,6.0,8.0,10.0,13.0,0.028402319902319898,0.0,0.0,0.044444444444444446,0.029664660361134996,92,1,1.0,0.0,1,0.0008424599831508003,0.0033333333333333335,5.0,4.81,10,0.3407307045080481,0.17666666666666667,0.16599999999999993,0.03263446851368469,0.006779916559756713,0.01967350528326418
0.5,6,0.03611108677388674,300,1240,0.027647714604236342,8.266666666666667,0.33586555520901284,0.18802419354838706,6.0,8.0,10.0,13.0,0.03033629430997852,0.0,0.01818181818181818,0.03636363636363636,0.025966361758630863,88,1,1.0,0.0,1,0.0008064516129032258,0.0033333333333333335,6.0,5.596666666666667,10,0.31514210457856395,0.15666666666666668,0.2506666666666666,-0.03159395130987464,0.006418538916390475,0.01709488097677422
0.5,7,0.05744974756959469,300,1188,0.02648829431438127,7.92,0.3515819047264063,0.19721941638608298,6.0,8.0,10.0,13.0,0.023698033448033447,0.0,0.013986013986013986,0.03571428571428571,0.024296675191815855,76,1,1.0,0.0,1,0.0008417508417508417,0.0033333333333333335,5.0,4.783333333333333,11,0.3260211543039826,0.14,0.2018181818181819,0.034014205374163185,0.00667943148182494,0.01767449185270194
0.5,8,0.03666050539335262,300,1231,0.027447045707915275,8.206666666666667,0.3291652465893733,0.18347955591659892,6.0,8.0,10.0,13.0,0.027644380673792438,0.0,0.01818181818181818,0.044444444444444446,0.029199277543648403,97,1,1.0,0.0,0,0.0,0.0,5.0,4.86,11,0.32081134462349237,0.11666666666666667,0.12848484848484865,0.04380057629686458,0.0063860461470190205,0.016086685850132613
0.5,9,0.0573656971338584,300,1260,0.028093645484949834,8.4,0.35006208282128487,0.1951587301587301,6.0,8.0,10.0,13.0,0.031164020218973777,0.0,0.02564102564102564,0.047619047619047616,0.03276527633932775,116,1,1.0,0.0,0,0.0,0.0,6.0,5.46,12,0.32017101284958427,0.13,0.1761111111111111,-0.01652910291308453,0.006438710553352134,0.017280632494842192
0.6,0,0.027001820046725453,300,1245,0.027759197324414717,8.3,0.33148955402885794,0.18723694779116462,6.0,8.0,10.0,13.0,0.019515969324792853,0.0,0.0,0.03571428571428571,0.020833333333333332,71,1,1.0,0.0,0,0.0,0.0,6.0,5.57,10,0.3107185367977936,0.13666666666666666,0.10066666666666668,-0.013030425170290912,0.006184382160180552,0.01551255582303316
0.6,1,0.009836458710185732,300,1265,0.028205128205128206,8.433333333333334,0.34784854401093757,0.19653754940711465,6.0,8.0,10.0,13.0,0.02812676593558946,0.0,0.01818181818181818,0.047619047619047616,0.027772582756685992,99,1,1.0,0.0,1,0.0007905138339920949,0.0033333333333333335,6.0,5.553333333333334,12,0.31621084534987265,0.11333333333333333,0.11388888888888893,-0.029049320934550718,0.006525003525679365,0.018811325865720707
0.6,2,0.00516526109304348,300,1155,0.025752508361204015,7.7,0.3547935322885343,0.19944588744588732,6.0,8.0,9.0,12.0,0.023965801083448143,0.0,0.0,0.03636363636363636,0.0250620907654098,74,1,1.0,0.0,1,0.0008658008658008658,0.0033333333333333335,5.0,4.746666666666667,10,0.3303798654448005,0.14333333333333334,0.09599999999999986,-0.010019546622046798,0.006791711612401586,0.018891466967565322
0.6,3,0.0034526595662764084,300,1183,0.0263768115942029,7.886666666666667,0.34679394452863344,0.1933023386869539,6.0,8.0,10.0,12.050000000000011,0.022792040203804907,0.0,0.0,0.04407814407814408,0.025245441795231416,78,2,0.9966666666666667,0.0033333333333333335,1,0.0008453085376162299,0.0033333333333333335,5.0,4.8,11,0.31704107713601176,0.13666666666666666,0.2333333333333334,0.03128070750081905,0.00669563261592625,0.018054865170282892
0.6,4,0.012535389014889061,300,1139,0.025395763656633222,7.593333333333334,0.3638826183199671,0.20544337137840207,6.0,7.0,10.0,12.0,0.027423187923187924,0.0,0.0,0.03636363636363636,0.02634315424610052,76,1,1.0,0.0,0,0.0,0.0,5.0,4.746666666666667,11,0.3311994487100725,0.13666666666666666,0.20000000000000018,-0.012711591654536747,0.006756934902494765,0.017185964786006938
0.6,5,0.025330256446195357,300,1212,0.027023411371237458,8.08,0.3512235813797864,0.19873212321232114,6.0,8.0,10.0,13.0,0.024903215520862578,0.0,0.0,0.03571428571428571,0.02513024823781796,82,1,1.0,0.0,0,0.0,0.0,5.0,4.8133333333333335,11,0.31932735352743197,0.16333333333333333,0.2018181818181819,0.00917266210555905,0.00668557062908615,0.019357429071845844
0.6,6,0.03691377062259242,300,1262,0.028138238573021182,8.413333333333334,0.31557344531930875,0.1778790279978868,7.0,8.0,10.0,13.0,0.026094091094091092,0.0,0.015151515151515152,0.03636363636363636,0.023336214347450302,81,1,1.0,0.0,1,0.000792393026941363,0.0033333333333333335,6.0,5.633333333333334,10,0.30784626068349236,0.13,0.1526666666666665,-0.01971277575683473,0.006313824896027701,0.01521842174048867
0.6,7,0.020165450300286866,300,1222,0.027246376811594204,8.146666666666667,0.3154725513705516,0.17598472449536273,6.0,8.0,10.0,13.0,0.026238881488881486,0.0,0.01818181818181818,0.044444444444444446,0.026223776223776224,85,1,1.0,0.0,0,0.0,0.0,5.0,4.8933333333333335,12,0.3188777218533112,0.12666666666666668,0.1772222222222224,-0.004152553004641612,0.0066805402228859055,0.018468622916524503
0.6,8,0.02133383156185877,300,1170,0.02608695652173913,7.8,0.3526612142867993,0.19405128205128208,6.0,8.0,9.0,12.0,0.024828629460208407,0.0,0.0,0.03818681318681319,0.027389726102738973,83,1,1.0,0.0,1,0.0008547008547008547,0.0033333333333333335,5.0,4.763333333333334,11,0.32399590912411425,0.14333333333333334,0.20000000000000018,-0.0071800118224024274,0.006656163596213233,0.016931025269542207
0.6,9,0.009691074018623371,300,1293,0.02882943143812709,8.62,0.31986320452187683,0.1768935292601186,7.0,9.0,10.0,13.0,0.0325230091259503,0.0,0.02564102564102564,0.047619047619047616,0.03165650868734649,116,1,1.0,0.0,1,0.0007733952049497294,0.0033333333333333335,6.0,5.72,10,0.30712791645656995,0.15666666666666668,0.1399999999999999,-0.011586429030525765,0.006326222528562558,0.016530765961569552
0.7,0,-0.004479613106414204,300,1235,0.02753623188405797,8.233333333333333,0.3459347745349633,0.19393522267206476,6.0,8.0,10.0,13.0,0.026244061494061496,0.0,0.01818181818181818,0.038461538461538464,0.026600985221674877,90,1,1.0,0.0,1,0.0008097165991902834,0.0033333333333333335,6.0,5.483333333333333,10,0.31355799963939746,0.16333333333333333,0.19399999999999995,-0.039990718078658956,0.0064355763160520996,0.0159440482404802
0.7,1,0.002566615147141569,300,1186,0.026443701226309922,7.906666666666666,0.3578301991472075,0.20244238336143883,6.0,8.0,10.0,13.0,0.02857930032930033,0.0,0.015151515151515152,0.047619047619047616,0.02715076660988075,85,1,1.0,0.0,0,0.0,0.0,5.0,4.77,11,0.3249593344499771,0.15,0.1890909090909092,-0.029710623244958247,0.006376216728786414,0.016732479256925725
0.7,2,-0.0027721904012036384,300,1181,0.02633221850613155,7.873333333333333,0.3564755501239518,0.20049957662997442,6.0,8.0,10.0,13.0,0.024027204277204277,0.0,0.0,0.03571428571428571,0.022583073448757932,70,1,1.0,0.0,2,0.001693480101608806,0.006666666666666667,5.0,4.783333333333333,10,0.3200910406872575,0.13333333333333333,0.1406666666666665,0.0007037428859415848,0.006514095008385987,0.019331464353507258
0.7,3,0.006970918585465299,300,1179,0.0262876254180602,7.86,0.34202549839829427,0.1921798134011874,6.0,8.0,10.0,12.0,0.02794213030977737,0.0,0.01282051282051282,0.044444444444444446,0.02682075883122547,82,1,1.0,0.0,1,0.0008481764206955047,0.0033333333333333335,5.0,4.783333333333333,11,0.3226354474436366,0.14333333333333334,0.15636363636363648,0.0292405468862088,0.006818747909045575,0.017841890714035684
0.7,4,0.0040836778771983955,300,1176,0.026220735785953176,7.84,0.35731895561324295,0.2025340136054421,6.0,7.0,10.0,12.050000000000011,0.023938043438043434,0.0,0.0,0.035876623376623375,0.022774102591909772,70,1,1.0,0.0,0,0.0,0.0,5.0,4.756666666666667,10,0.32523991739552965,0.16666666666666666,0.18199999999999994,0.02131616828884511,0.00673083197665562,0.01597486818829209
0.7,5,-0.000708109139328625,300,1228,0.02738015607580825,8.186666666666667,0.3347846543416383,0.18958740499457094,6.0,8.0,10.0,13.0,0.026492747992747992,0.0,0.016666666666666666,0.044444444444444446,0.028938906752411574,96,1,1.0,0.0,0,0.0,0.0,5.0,4.8533333333333335,10,0.3134840953219663,0.17666666666666667,0.24933333333333318,-0.0587843949175682,0.006723744499680518,0.018542864355927013
0.7,6,0.001654561411657715,300,1241,0.027670011148272017,8.273333333333333,0.34861428459691274,0.19705345151759324,6.0,8.0,10.0,13.0,0.03165974765974766,0.0,0.018614718614718615,0.044444444444444446,0.02773992602686393,95,1,1.0,0.0,0,0.0,0.0,6.0,5.536666666666667,10,0.32301742570682973,0.18666666666666668,0.22133333333333316,-0.07524888712466565,0.006491630859826094,0.01886253379968237
0.7,7,-0.00557905463202805,300,1218,0.027157190635451505,8.12,0.33453438566919036,0.1866912972085386,6.0,8.0,10.0,13.0,0.02449000074000074,0.0,0.0,0.03571428571428571,0.020861028735044484,68,1,1.0,0.0,1,0.0008210180623973727,0.0033333333333333335,6.0,5.583333333333333,11,0.31181531272834145,0.13333333333333333,0.19272727272727286,-0.021910271338507446,0.006503449179629699,0.017204641649990898
0.7,8,-0.0012576010260744778,300,1155,0.025752508361204015,7.7,0.3448290401909546,0.19320923520923516,6.0,8.0,9.0,12.0,0.021422235172235172,0.0,0.0,0.03571428571428571,0.022510231923601638,66,1,1.0,0.0,2,0.0017316017316017316,0.006666666666666667,5.0,4.74,11,0.3258477164970672,0.16,0.2012121212121214,0.03621549229653623,0.007012183700980588,0.01992336217499137
0.7,9,0.006447364516955063,300,1250,0.027870680044593088,8.333333333333334,0.3529079200018044,0.19902666666666669,6.0,8.0,10.0,13.050000000000011,0.03270875692934516,0.0,0.022222222222222223,0.047619047619047616,0.03096330275229358,108,1,1.0,0.0,0,0.0,0.0,5.0,4.87,11,0.32608288,0.17,0.21636363636363654,-0.03901527347907293,0.0064746980128176385,0.01803731255102834
0.75,0,0.0012832082028096893,300,1257,0.02802675585284281,8.38,0.3370060237977727,0.18825245293025716,7.0,8.0,10.0,13.0,0.02528970103970104,0.0,0.01818181818181818,0.045454545454545456,0.026926382125465484,94,2,0.9966666666666667,0.0033333333333333335,1,0.0007955449482895784,0.0033333333333333335,6.0,5.616666666666666,12,0.3145892943826426,0.14666666666666667,0.19944444444444454,0.004302520051156979,0.006405599628975171,0.01919533991148609
0.75,1,0.0035246287798153934,300,1185,0.026421404682274247,7.9,0.34888672412302313,0.19630379746835436,6.0,8.0,10.0,12.050000000000011,0.026378847187670716,0.0,0.01818181818181818,0.044444444444444446,0.027050236152855303,84,1,1.0,0.0,0,0.0,0.0,5.0,4.79,12,0.32047819971870606,0.16666666666666666,0.2105555555555556,-0.05787159266646728,0.006417273278307482,0.018033443127422364
0.75,2,-0.0005989722896503893,300,1176,0.026220735785953176,7.84,0.3654227287007714,0.20375850340136048,6.0,8.0,10.0,13.0,0.022754677784089548,0.0,0.0,0.03571428571428571,0.02361185983827493,73,1,1.0,0.0,2,0.0017006802721088435,0.006666666666666667,5.0,4.786666666666667,9,0.3264937352492017,0.15333333333333332,0.17333333333333334,0.02310723845804677,0.00670229275989028,0.019341147968112118
0.75,3,0.0028585040495474035,300,1158,0.02581939799331104,7.72,0.3398031592138776,0.1912665515256189,6.0,8.0,10.0,12.0,0.02555751655751656,0.0,0.0,0.03688811188811189,0.02654867256637168,78,2,0.9966666666666667,0.0033333333333333335,2,0.0017271157167530224,0.006666666666666667,5.0,4.77,12,0.3291579788868307,0.16666666666666666,0.30166666666666675,0.009146384948401268,0.00676086515600775,0.017206336479168437
0.75,4,-0.0006747276965354189,300,1181,0.02633221850613155,7.873333333333333,0.35541806466027587,0.19962178944397402,6.0,8.0,10.0,13.0,0.030568117068117063,0.0,0.015151515151515152,0.044444444444444446,0.028088678433060697,87,1,1.0,0.0,1,0.000846740050804403,0.0033333333333333335,5.0,4.793333333333333,10,0.31340853379181094,0.14666666666666667,0.18933333333333335,-0.034234233565921056,0.006618418326589911,0.01861004851785264
0.75,5,0.0025879972987992595,300,1210,0.02697881828316611,8.066666666666666,0.37971586802182294,0.2119228650137741,6.0,8.0,10.0,14.0,0.02878845446492505,0.0,0.020512820512820516,0.047619047619047616,0.031632858003615184,105,1,1.0,0.0,3,0.0024793388429752068,0.01,5.0,4.75,11,0.3311904924527013,0.18333333333333332,0.2769696969696971,-0.0424218876895588,0.006494205153264603,0.018241506815709293
0.75,6,0.0023587037949740625,300,1251,0.027892976588628764,8.34,0.34092421255069394,0.1900346389555021,6.75,8.0,10.0,13.0,0.027277946225314646,0.0,0.01818181818181818,0.045454545454545456,0.026262626262626262,91,1,1.0,0.0,0,0.0,0.0,6.0,5.553333333333334,8,0.3197378148640161,0.19333333333333333,0.15500000000000003,-0.04674442961762373,0.006435278326545941,0.01775507810718345
0.75,7,0.013941800774245188,300,1223,0.027268673355629876,8.153333333333334,0.34595971632860273,0.19517852275824477,6.0,8.0,10.0,13.0,0.02452552730493907,0.0,0.008438375350140057,0.035876623376623375,0.02383826191913096,79,1,1.0,0.0,0,0.0,0.0,5.0,4.826666666666667,9,0.3163253503809848,0.18666666666666668,0.20222222222222208,0.026440767924366424,0.006600397517079999,0.018737552145299433
0.75,8,-0.007698900509332955,300,1192,0.02657748049052397,7.946666666666666,0.34547668438431234,0.1955508948545861,6.0,8.0,10.0,12.0,0.0304036889036889,0.0,0.01818181818181818,0.047619047619047616,0.03028371055148231,95,1,1.0,0.0,0,0.0,0.0,5.0,4.78,11,0.31753250135129046,0.17,0.2224242424242424,0.031336758228687776,0.00675355534452792,0.01768642297470138
0.75,9,0.0004484887467917794,300,1237,0.02758082497212932,8.246666666666666,0.3526834374903396,0.19819455672325503,6.0,8.0,10.0,13.0,0.02447235172235172,0.0,0.015151515151515152,0.044444444444444446,0.026678393433010848,91,1,1.0,0.0,1,0.0008084074373484236,0.0033333333333333335,5.0,4.826666666666667,11,0.31653954563188774,0.14,0.16121212121212136,0.03702590966161786,0.006554263928520287,0.017104945751983958
