swaps_per_edge,seed,n,m,density,mean_degree,degree_cv,degree_gini,degree_q25,degree_q50,degree_q75,degree_q95,clustering_mean,clustering_q25,clustering_q50,clustering_q75,transitivity,triangles,components,largest_component_fraction,isolate_fraction,bridges,bridge_fraction,articulation_fraction,core_max,core_mean,communities,modularity,largest_community_fraction,community_gini,assortativity,betweenness_mean,betweenness_q95
0.0,0,300,1200,0.026755852842809364,8.0,0.0973610120462327,0.048374999999999835,8.0,8.0,8.0,9.0,0.5101640211640212,0.42857142857142855,0.5305555555555556,0.6071428571428571,0.5038275821458015,1426,1,1.0,0.0,0,0.0,0.0,6.0,5.996666666666667,12,0.7694743055555555,0.12,0.11555555555555563,-0.024349306475179598,0.011329858297660469,0.03212155971451908
0.0,1,300,1200,0.026755852842809364,8.0,0.0973610120462327,0.048374999999999835,8.0,8.0,8.0,9.0,0.5101640211640212,0.42857142857142855,0.5305555555555556,0.6071428571428571,0.5038275821458015,1426,1,1.0,0.0,0,0.0,0.0,6.0,5.996666666666667,12,0.7694743055555555,0.12,0.11555555555555563,-0.024349306475179598,0.011329858297660469,0.03212155971451908
0.0,2,300,1200,0.026755852842809364,8.0,0.0973610120462327,0.048374999999999835,8.0,8.0,8.0,9.0,0.5101640211640212,0.42857142857142855,0.5305555555555556,0.6071428571428571,0.5038275821458015,1426,1,1.0,0.0,0,0.0,0.0,6.0,5.996666666666667,12,0.7694743055555555,0.12,0.11555555555555563,-0.024349306475179598,0.011329858297660469,0.03212155971451908
0.0,3,300,1200,0.026755852842809364,8.0,0.0973610120462327,0.048374999999999835,8.0,8.0,8.0,9.0,0.5101640211640212,0.42857142857142855,0.5305555555555556,0.6071428571428571,0.5038275821458015,1426,1,1.0,0.0,0,0.0,0.0,6.0,5.996666666666667,12,0.7694743055555555,0.12,0.11555555555555563,-0.024349306475179598,0.011329858297660469,0.03212155971451908
0.0,4,300,1200,0.026755852842809364,8.0,0.0973610120462327,0.048374999999999835,8.0,8.0,8.0,9.0,0.5101640211640212,0.42857142857142855,0.5305555555555556,0.6071428571428571,0.5038275821458015,1426,1,1.0,0.0,0,0.0,0.0,6.0,5.996666666666667,12,0.7694743055555555,0.12,0.11555555555555563,-0.024349306475179598,0.011329858297660469,0.03212155971451908
0.0,5,300,1200,0.026755852842809364,8.0,0.0973610120462327,0.048374999999999835,8.0,8.0,8.0,9.0,0.5101640211640212,0.42857142857142855,0.5305555555555556,0.6071428571428571,0.5038275821458015,1426,1,1.0,0.0,0,0.0,0.0,6.0,5.996666666666667,12,0.7694743055555555,0.12,0.11555555555555563,-0.024349306475179598,0.011329858297660469,0.03212155971451908
0.0,6,300,1200,0.026755852842809364,8.0,0.0973610120462327,0.048374999999999835,8.0,8.0,8.0,9.0,0.5101640211640212,0.42857142857142855,0.5305555555555556,0.6071428571428571,0.5038275821458015,1426,1,1.0,0.0,0,0.0,0.0,6.0,5.996666666666667,12,0.7694743055555555,0.12,0.11555555555555563,-0.024349306475179598,0.011329858297660469,0.03212155971451908
0.0,7,300,1200,0.026755852842809364,8.0,0.0973610120462327,0.048374999999999835,8.0,8.0,8.0,9.0,0.5101640211640212,0.42857142857142855,0.5305555555555556,0.6071428571428571,0.5038275821458015,1426,1,1.0,0.0,0,0.0,0.0,6.0,5.996666666666667,12,0.7694743055555555,0.12,0.11555555555555563,-0.024349306475179598,0.011329858297660469,0.03212155971451908
0.0,8,300,1200,0.026755852842809364,8.0,0.0973610120462327,0.048374999999999835,8.0,8.0,8.0,9.0,0.5101640211640212,0.42857142857142855,0.5305555555555556,0.6071428571428571,0.5038275821458015,1426,1,1.0,0.0,0,0.0,0.0,6.0,5.996666666666667,12,0.7694743055555555,0.12,0.11555555555555563,-0.024349306475179598,0.011329858297660469,0.03212155971451908
0.0,9,300,1200,0.026755852842809364,8.0,0.0973610120462327,0.048374999999999835,8.0,8.0,8.0,9.0,0.5101640211640212,0.42857142857142855,0.5305555555555556,0.6071428571428571,0.5038275821458015,1426,1,1.0,0.0,0,0.0,0.0,6.0,5.996666666666667,12,0.7694743055555555,0.12,0.11555555555555563,-0.024349306475179598,0.011329858297660469,0.03212155971451908
0.1,0,300,1200,0.026755852842809364,8.0,0.0973610120462327,0.048374999999999835,8.0,8.0,8.0,9.0,0.29536507936507933,0.21428571428571427,0.2857142857142857,0.39285714285714285,0.2911317865975739,824,1,1.0,0.0,0,0.0,0.0,6.0,5.996666666666667,12,0.644,0.13,0.18055555555555558,-0.012823575881928572,0.008182809820643832,0.019549239643747548
0.1,1,300,1200,0.026755852842809364,8.0,0.0973610120462327,0.048374999999999835,8.0,8.0,8.0,9.0,0.28898677248677246,0.21428571428571427,0.2857142857142857,0.39285714285714285,0.2830055352726416,801,1,1.0,0.0,0,0.0,0.0,6.0,5.993333333333333,13,0.6427756944444444,0.10333333333333333,0.13384615384615395,-0.021467873826866955,0.00810360539438959,0.01858998422174332
0.1,2,300,1200,0.026755852842809364,8.0,0.0973610120462327,0.048374999999999835,8.0,8.0,8.0,9.0,0.2919550264550264,0.19444444444444445,0.2857142857142857,0.39285714285714285,0.2893652102225886,819,1,1.0,0.0,0,0.0,0.0,6.0,5.996666666666667,12,0.6468086805555556,0.14333333333333334,0.15888888888888886,-0.022908590151023218,0.008226737435670518,0.018619974933827
0.1,3,300,1200,0.026755852842809364,8.0,0.0973610120462327,0.048374999999999835,8.0,8.0,8.0,9.0,0.2861878306878307,0.19444444444444445,0.2857142857142857,0.3611111111111111,0.28371216582263575,803,1,1.0,0.0,0,0.0,0.0,6.0,5.996666666666667,13,0.6368517361111111,0.12333333333333334,0.157948717948718,-0.014264292206084835,0.00817675562823837,0.01755959906875481
0.1,4,300,1200,0.026755852842809364,8.0,0.0973610120462327,0.048374999999999835,8.0,8.0,8.0,9.0,0.2719497354497354,0.17857142857142858,0.26666666666666666,0.35714285714285715,0.2699328700977506,764,1,1.0,0.0,0,0.0,0.0,6.0,5.996666666666667,13,0.6331142361111111,0.1,0.09897435897435902,-0.02723073912349232,0.008221425240219637,0.01992244686456195
0.1,5,300,1200,0.026755852842809364,8.0,0.0973610120462327,0.048374999999999835,8.0,8.0,8.0,9.0,0.29567989417989415,0.21428571428571427,0.2857142857142857,0.35813492063492064,0.2911317865975739,824,1,1.0,0.0,0,0.0,0.0,6.0,5.996666666666667,12,0.6409729166666667,0.11333333333333333,0.1361111111111113,-0.014264292206085062,0.00822039658280356,0.018863351551897174
0.1,6,300,1200,0.026755852842809364,8.0,0.0973610120462327,0.048374999999999835,8.0,8.0,8.0,9.0,0.2790978835978836,0.19444444444444445,0.2583333333333333,0.3611111111111111,0.2755859144977035,780,1,1.0,0.0,0,0.0,0.0,6.0,5.996666666666667,13,0.6282774305555555,0.10333333333333333,0.15589743589743588,-0.007060710585303066,0.008104924745983339,0.018162955691654003
0.1,7,300,1200,0.026755852842809364,8.0,0.0973610120462327,0.048374999999999835,8.0,8.0,8.0,9.0,0.28382275132275137,0.19444444444444445,0.2857142857142857,0.35714285714285715,0.28265221999764456,800,1,1.0,0.0,0,0.0,0.0,6.0,5.996666666666667,13,0.6415795138888889,0.09666666666666666,0.08102564102564114,-0.020027157502710606,0.008101729959078575,0.01695932060119102
0.1,8,300,1200,0.026755852842809364,8.0,0.0973610120462327,0.048374999999999835,8.0,8.0,8.0,9.0,0.27714550264550264,0.1875,0.27222222222222225,0.35714285714285715,0.2738193381227182,775,1,1.0,0.0,0,0.0,0.0,6.0,5.996666666666667,14,0.6335253472222222,0.12333333333333334,0.1557142857142857,-0.005619994261146929,0.008121228881320984,0.018793549553309124
0.1,9,300,1200,0.026755852842809364,8.0,0.0973610120462327,0.048374999999999835,8.0,8.0,8.0,9.0,0.2807751322751323,0.21428571428571427,0.2857142857142857,0.35714285714285715,0.27876575197267695,789,1,1.0,0.0,0,0.0,0.0,6.0,5.996666666666667,13,0.6313993055555556,0.11333333333333333,0.16666666666666674,0.00014287103547862872,0.008043562492145502,0.018573207516260008
0.5,0,300,1200,0.026755852842809364,8.0,0.0973610120462327,0.048374999999999835,8.0,8.0,8.0,9.0,0.041611111111111106,0.0,0.03571428571428571,0.06666666666666667,0.041337887174655516,117,1,1.0,0.0,0,0.0,0.0,6.0,5.996666666666667,10,0.3624954861111111,0.18666666666666668,0.2526666666666666,0.03472006281523124,0.006725243514555912,0.014092997464856117
0.5,1,300,1200,0.026755852842809364,8.0,0.0973610120462327,0.048374999999999835,8.0,8.0,8.0,9.0,0.037994708994709,0.0,0.03571428571428571,0.05555555555555555,0.03780473442468496,107,1,1.0,0.0,0,0.0,0.0,6.0,5.99,12,0.35263541666666665,0.12,0.18000000000000016,-0.012823575881928524,0.0067240169111230826,0.014703371258562924
0.5,2,300,1200,0.026755852842809364,8.0,0.0973610120462327,0.048374999999999835,8.0,8.0,8.0,9.0,0.04525661375661375,0.0,0.03571428571428571,0.07142857142857142,0.043811094099634906,124,1,1.0,0.0,0,0.0,0.0,6.0,5.996666666666667,13,0.3563,0.10333333333333333,0.15230769230769226,-0.03011217177180499,0.006791739920586899,0.014222298195996488
0.5,3,300,1200,0.026755852842809364,8.0,0.0973610120462327,0.048374999999999835,8.0,8.0,8.0,9.0,0.0418042328042328,0.0,0.03571428571428571,0.07142857142857142,0.041337887174655516,117,1,1.0,0.0,0,0.0,0.0,6.0,5.996666666666667,10,0.3474763888888889,0.13,0.1233333333333333,-0.02002715750271065,0.006777761562856841,0.013844137375577058
0.5,4,300,1200,0.026755852842809364,8.0,0.0973610120462327,0.048374999999999835,8.0,8.0,8.0,9.0,0.049878306878306876,0.0,0.03571428571428571,0.07142857142857142,0.04981745377458485,141,1,1.0,0.0,0,0.0,0.0,6.0,5.996666666666667,12,0.36315590277777776,0.13333333333333333,0.2761111111111112,-0.027230739123492165,0.00682036766391852,0.013421659109060409
0.5,5,300,1200,0.026755852842809364,8.0,0.0973610120462327,0.048374999999999835,8.0,8.0,8.0,9.0,0.034727513227513225,0.0,0.03571428571428571,0.05555555555555555,0.03462489694971146,98,1,1.0,0.0,0,0.0,0.0,6.0,5.996666666666667,10,0.34862708333333337,0.19,0.2646666666666666,-0.01714572485439787,0.006731816389108515,0.014075683059267713
0.5,6,300,1200,0.026755852842809364,8.0,0.0973610120462327,0.048374999999999835,8.0,8.0,8.0,9.0,0.03951322751322751,0.0,0.03571428571428571,0.07142857142857142,0.03957131079967024,112,1,1.0,0.0,0,0.0,0.0,6.0,5.996666666666667,11,0.3514152777777778,0.12333333333333334,0.13030303030303036,-0.008501426909459537,0.00666805225669289,0.013752033549708274
0.5,7,300,1200,0.026755852842809364,8.0,0.0973610120462327,0.048374999999999835,8.0,8.0,8.0,9.0,0.04585449735449735,0.0,0.03571428571428571,0.07142857142857142,0.0462843010246143,131,1,1.0,0.0,0,0.0,0.0,6.0,5.996666666666667,12,0.3652899305555556,0.15,0.22111111111111126,0.005905736332104043,0.006796904581019563,0.013408286701434393
0.5,8,300,1200,0.026755852842809364,8.0,0.0973610120462327,0.048374999999999835,8.0,8.0,8.0,9.0,0.041722222222222216,0.0,0.03571428571428571,0.06666666666666667,0.041691202449652576,118,1,1.0,0.0,0,0.0,0.0,6.0,5.996666666666667,11,0.35164131944444443,0.15,0.19272727272727286,-0.015705008530241465,0.006722815110861937,0.013996308944744256
0.5,9,300,1200,0.026755852842809364,8.0,0.0973610120462327,0.048374999999999835,8.0,8.0,8.0,9.0,0.03958994708994709,0.0,0.03571428571428571,0.06666666666666667,0.038864680249676126,110,1,1.0,0.0,0,0.0,0.0,6.0,5.996666666666667,12,0.3531579861111111,0.16,0.27,-0.032993604420117666,0.006725435869458454,0.013096802111000547
1.0,0,300,1200,0.026755852842809364,8.0,0.0973610120462327,0.048374999999999835,8.0,8.0,8.0,9.0,0.02267460317460317,0.0,0.0,0.03571428571428571,0.022612177599811566,64,1,1.0,0.0,0,0.0,0.0,6.0,5.996666666666667,11,0.32504791666666666,0.12666666666666668,0.1703030303030304,-0.018586441178554205,0.006656822793877789,0.014606156350279948
1.0,1,300,1200,0.026755852842809364,8.0,0.0973610120462327,0.048374999999999835,8.0,8.0,8.0,9.0,0.024246031746031745,0.0,0.0,0.03571428571428571,0.024025438699799787,68,1,1.0,0.0,0,0.0,0.0,6.0,5.996666666666667,10,0.3197128472222222,0.16333333333333333,0.23333333333333317,0.00014287103547862994,0.006653416006596124,0.012794802285394032
1.0,2,300,1200,0.026755852842809364,8.0,0.0973610120462327,0.048374999999999835,8.0,8.0,8.0,9.0,0.026187830687830687,0.0,0.027777777777777776,0.03571428571428571,0.026498645624779178,75,1,1.0,0.0,0,0.0,0.0,6.0,5.996666666666667,11,0.3327979166666667,0.12333333333333334,0.12242424242424255,-0.043078618689212395,0.006739870938428263,0.013813408221019893
1.0,3,300,1200,0.026755852842809364,8.0,0.0973610120462327,0.048374999999999835,8.0,8.0,8.0,9.0,0.022637566137566137,0.0,0.0,0.03571428571428571,0.022965492874808622,65,1,1.0,0.0,0,0.0,0.0,6.0,5.993333333333333,11,0.3165340277777778,0.12666666666666668,0.14121212121212134,-0.008501426909459722,0.006626773451461504,0.013487022535315139
1.0,4,300,1200,0.026755852842809364,8.0,0.0973610120462327,0.048374999999999835,8.0,8.0,8.0,9.0,0.02270899470899471,0.0,0.0,0.03571428571428571,0.022965492874808622,65,1,1.0,0.0,0,0.0,0.0,6.0,5.996666666666667,11,0.32180763888888886,0.14666666666666667,0.1703030303030304,0.0015835873596350125,0.006669619795179017,0.012806088645530117
1.0,5,300,1200,0.026755852842809364,8.0,0.0973610120462327,0.048374999999999835,8.0,8.0,8.0,9.0,0.022309523809523807,0.0,0.022222222222222223,0.03571428571428571,0.02225886232481451,63,1,1.0,0.0,0,0.0,0.0,6.0,5.996666666666667,12,0.3146583333333333,0.11666666666666667,0.15000000000000013,-0.0012978452886777804,0.006610113716279327,0.014149171054500436
1.0,6,300,1200,0.026755852842809364,8.0,0.0973610120462327,0.048374999999999835,8.0,8.0,8.0,9.0,0.021960317460317458,0.0,0.0,0.03571428571428571,0.021905547049817453,62,1,1.0,0.0,0,0.0,0.0,6.0,5.996666666666667,11,0.31977777777777777,0.13666666666666666,0.20484848484848484,0.010227885304573194,0.006621011581814698,0.013210110803225913
1.0,7,300,1200,0.026755852842809364,8.0,0.0973610120462327,0.048374999999999835,8.0,8.0,8.0,9.0,0.015952380952380954,0.0,0.0,0.03571428571428571,0.015899187374867507,45,1,1.0,0.0,0,0.0,0.0,6.0,5.996666666666667,11,0.3147923611111111,0.14333333333333334,0.22424242424242435,-0.012823575881928617,0.006616145453280402,0.013106523055830358
1.0,8,300,1200,0.026755852842809364,8.0,0.0973610120462327,0.048374999999999835,8.0,8.0,8.0,9.0,0.021658730158730155,0.0,0.0,0.03571428571428571,0.021552231774820397,61,1,1.0,0.0,0,0.0,0.0,6.0,5.996666666666667,11,0.31605347222222224,0.11666666666666667,0.12181818181818183,-0.025790022799335947,0.006621474566531048,0.013137046803050596
1.0,9,300,1200,0.026755852842809364,8.0,0.0973610120462327,0.048374999999999835,8.0,8.0,8.0,9.0,0.025515873015873013,0.0,0.027777777777777776,0.03571428571428571,0.025792015074785065,73,1,1.0,0.0,0,0.0,0.0,6.0,5.996666666666667,10,0.3183736111111111,0.15,0.17399999999999993,0.013109317952886093,0.006682434346302347,0.01327587516756778
3.0,0,300,1200,0.026755852842809364,8.0,0.0973610120462327,0.048374999999999835,8.0,8.0,8.0,9.0,0.017986772486772485,0.0,0.0,0.03571428571428571,0.01801907902484984,51,1,1.0,0.0,0,0.0,0.0,6.0,5.996666666666667,11,0.3210013888888889,0.14,0.21212121212121215,-0.014264292206085062,0.006623608191154702,0.013152770592233748
3.0,1,300,1200,0.026755852842809364,8.0,0.0973610120462327,0.048374999999999835,8.0,8.0,8.0,9.0,0.02124867724867725,0.0,0.0,0.03571428571428571,0.02119891649982334,60,1,1.0,0.0,0,0.0,0.0,6.0,5.993333333333333,11,0.3236076388888889,0.15,0.17878787878787894,-0.027230739123492137,0.0066395555169958,0.01339211132394545
3.0,2,300,1200,0.026755852842809364,8.0,0.0973610120462327,0.048374999999999835,8.0,8.0,8.0,9.0,0.0231005291005291,0.0,0.011111111111111112,0.03571428571428571,0.022965492874808622,65,1,1.0,0.0,0,0.0,0.0,6.0,5.996666666666667,10,0.3241736111111111,0.16,0.16133333333333333,0.01599075060119854,0.006661199671177724,0.013610947364060912
3.0,3,300,1200,0.026755852842809364,8.0,0.0973610120462327,0.048374999999999835,8.0,8.0,8.0,9.0,0.018595238095238092,0.0,0.0,0.03571428571428571,0.019079024849841007,54,1,1.0,0.0,0,0.0,0.0,6.0,5.996666666666667,9,0.32257291666666665,0.16333333333333333,0.13851851851851849,-0.02290859015102313,0.006687266870820296,0.013542197937001295
3.0,4,300,1200,0.026755852842809364,8.0,0.0973610120462327,0.048374999999999835,8.0,8.0,8.0,9.0,0.025296296296296296,0.0,0.027777777777777776,0.03571428571428571,0.025438699799788012,72,1,1.0,0.0,0,0.0,0.0,6.0,5.996666666666667,11,0.3328715277777778,0.14,0.17757575757575772,-0.012823575881928628,0.0066725574729126404,0.01304239815201434
3.0,5,300,1200,0.026755852842809364,8.0,0.0973610120462327,0.048374999999999835,8.0,8.0,8.0,9.0,0.02337301587301587,0.0,0.0,0.03571428571428571,0.023318808149805678,66,1,1.0,0.0,0,0.0,0.0,6.0,5.996666666666667,12,0.32355243055555555,0.12333333333333334,0.16888888888888887,-0.018586441178554215,0.006643408259432912,0.013553284397250419
3.0,6,300,1200,0.026755852842809364,8.0,0.0973610120462327,0.048374999999999835,8.0,8.0,8.0,9.0,0.018417989417989417,0.0,0.0,0.03571428571428571,0.01801907902484984,51,1,1.0,0.0,0,0.0,0.0,6.0,5.996666666666667,10,0.32400729166666664,0.15666666666666668,0.15999999999999992,0.013109317952885967,0.006617516497031805,0.013291853225107647
3.0,7,300,1200,0.026755852842809364,8.0,0.0973610120462327,0.048374999999999835,8.0,8.0,8.0,9.0,0.01591269841269841,0.0,0.0,0.03571428571428571,0.015545872099870451,44,1,1.0,0.0,0,0.0,0.0,6.0,5.996666666666667,10,0.3240604166666667,0.17666666666666667,0.22733333333333317,-0.002738561612834085,0.0066603963339970694,0.01348000011278908
3.0,8,300,1200,0.026755852842809364,8.0,0.0973610120462327,0.048374999999999835,8.0,8.0,8.0,9.0,0.01927777777777778,0.0,0.0,0.03571428571428571,0.019432340124838063,55,1,1.0,0.0,0,0.0,0.0,6.0,5.996666666666667,10,0.31952708333333335,0.13333333333333333,0.1519999999999999,-0.022908590151023277,0.0066465005017810365,0.013253632640071119
3.0,9,300,1200,0.026755852842809364,8.0,0.0973610120462327,0.048374999999999835,8.0,8.0,8.0,9.0,0.022518518518518514,0.0,0.0,0.03571428571428571,0.022612177599811566,64,1,1.0,0.0,0,0.0,0.0,6.0,5.996666666666667,10,0.32054270833333337,0.17666666666666667,0.18866666666666654,0.02319433222198041,0.006659170269495625,0.012906651827177412
10.0,0,300,1200,0.026755852842809364,8.0,0.0973610120462327,0.048374999999999835,8.0,8.0,8.0,9.0,0.017851851851851855,0.0,0.0,0.03571428571428571,0.017665763749852785,50,1,1.0,0.0,0,0.0,0.0,6.0,5.996666666666667,9,0.32245833333333335,0.19666666666666666,0.18148148148148135,-0.02146787382686667,0.006632344300447507,0.013552863001896082
10.0,1,300,1200,0.026755852842809364,8.0,0.0973610120462327,0.048374999999999835,8.0,8.0,8.0,9.0,0.024182539682539684,0.0,0.0,0.03571428571428571,0.025085384524790956,71,1,1.0,0.0,0,0.0,0.0,6.0,5.996666666666667,11,0.3277565972222222,0.16,0.17272727272727284,0.017431466925354962,0.006665643702457883,0.013065378136404413
10.0,2,300,1200,0.026755852842809364,8.0,0.0973610120462327,0.048374999999999835,8.0,8.0,8.0,9.0,0.01771957671957672,0.0,0.0,0.03571428571428571,0.01801907902484984,51,1,1.0,0.0,0,0.0,0.0,6.0,5.996666666666667,12,0.32030625,0.12666666666666668,0.19111111111111123,0.0015835873596350305,0.006647985153754008,0.014250485369831102
10.0,3,300,1200,0.026755852842809364,8.0,0.0973610120462327,0.048374999999999835,8.0,8.0,8.0,9.0,0.027047619047619046,0.0,0.027777777777777776,0.03571428571428571,0.02720527617477329,77,1,1.0,0.0,0,0.0,0.0,6.0,5.996666666666667,10,0.3254503472222222,0.14,0.1359999999999999,-0.004179277936990528,0.006658760522513712,0.013821146569008212
10.0,4,300,1200,0.026755852842809364,8.0,0.0973610120462327,0.048374999999999835,8.0,8.0,8.0,9.0,0.02107142857142857,0.0,0.0,0.03571428571428571,0.02119891649982334,60,1,1.0,0.0,0,0.0,0.0,6.0,5.996666666666667,9,0.3284076388888889,0.14,0.09111111111111114,-0.018586441178554094,0.006620283641405904,0.013529665348901055
10.0,5,300,1200,0.026755852842809364,8.0,0.0973610120462327,0.048374999999999835,8.0,8.0,8.0,9.0,0.022404761904761903,0.0,0.0,0.03571428571428571,0.02225886232481451,63,1,1.0,0.0,0,0.0,0.0,6.0,5.996666666666667,11,0.32383368055555556,0.13666666666666666,0.10303030303030303,0.008787168980416725,0.006656996369584793,0.013079805606533237
10.0,6,300,1200,0.026755852842809364,8.0,0.0973610120462327,0.048374999999999835,8.0,8.0,8.0,9.0,0.022738095238095238,0.0,0.0,0.03571428571428571,0.023318808149805678,66,1,1.0,0.0,0,0.0,0.0,6.0,5.996666666666667,11,0.3196100694444444,0.13333333333333333,0.18545454545454554,0.02031289957366773,0.0066185789966551325,0.013737767658121984
10.0,7,300,1200,0.026755852842809364,8.0,0.0973610120462327,0.048374999999999835,8.0,8.0,8.0,9.0,0.02325925925925926,0.0,0.0,0.03571428571428571,0.023318808149805678,66,1,1.0,0.0,0,0.0,0.0,6.0,5.996666666666667,11,0.31161805555555555,0.11666666666666667,0.10909090909090913,-0.012823575881928513,0.006630849279386375,0.014033461994678621
10.0,8,300,1200,0.026755852842809364,8.0,0.0973610120462327,0.048374999999999835,8.0,8.0,8.0,9.0,0.01884126984126984,0.0,0.0,0.03571428571428571,0.019079024849841007,54,1,1.0,0.0,0,0.0,0.0,6.0,5.996666666666667,10,0.324134375,0.12333333333333334,0.12199999999999989,0.00014287103547860961,0.006678011625247112,0.013308414680774733
10.0,9,300,1200,0.026755852842809364,8.0,0.0973610120462327,0.048374999999999835,8.0,8.0,8.0,9.0,0.018629629629629628,0.0,0.0,0.03571428571428571,0.019079024849841007,54,1,1.0,0.0,0,0.0,0.0,6.0,5.996666666666667,11,0.31425590277777776,0.15333333333333332,0.1575757575757577,0.014550034277042257,0.006625261517375793,0.014120158412401504
