dataset,source,target,bridge,within_community
Karate club,0,1,False,True
Karate club,0,12,False,True
Karate club,0,23,False,True
Karate club,0,28,False,False
Karate club,0,29,False,False
Karate club,0,30,False,False
Karate club,0,31,False,True
Karate club,0,32,False,False
Karate club,0,2,False,False
Karate club,0,3,True,True
Karate club,0,4,False,True
Karate club,0,5,False,True
Karate club,0,9,False,True
Karate club,0,11,False,True
Karate club,0,14,False,True
Karate club,0,25,False,False
Karate club,1,12,False,True
Karate club,1,23,False,True
Karate club,1,31,False,True
Karate club,1,5,False,True
Karate club,1,9,False,True
Karate club,1,11,False,True
Karate club,1,14,False,True
Karate club,1,24,False,False
Karate club,2,28,False,True
Karate club,2,29,False,True
Karate club,4,23,False,True
Karate club,5,12,False,True
Karate club,5,23,False,True
Karate club,5,27,False,False
Karate club,6,26,False,True
Karate club,6,27,False,True
Karate club,7,26,False,True
Karate club,7,27,False,True
Karate club,8,29,False,True
Karate club,8,30,False,True
Karate club,10,26,False,True
Karate club,10,27,False,True
Karate club,11,27,False,False
Karate club,12,23,False,True
Karate club,12,31,False,True
Karate club,12,32,False,False
Karate club,12,33,False,True
Karate club,12,20,False,False
Karate club,12,21,False,False
Karate club,12,26,False,False
Karate club,13,26,False,True
Karate club,13,27,False,True
Karate club,15,26,False,True
Karate club,15,27,False,True
Karate club,16,18,False,True
Karate club,16,20,False,True
Karate club,16,22,False,False
Karate club,16,26,False,False
Karate club,16,27,False,False
Karate club,17,18,False,True
Karate club,17,20,False,True
Karate club,17,25,False,True
Karate club,18,25,False,True
Karate club,19,22,False,True
Karate club,19,27,False,True
Karate club,20,27,False,False
Karate club,21,25,False,True
Karate club,21,27,False,False
Karate club,22,26,False,True
Karate club,22,27,False,True
Karate club,23,31,False,True
Karate club,24,32,False,True
Karate club,24,26,False,True
Karate club,24,27,False,True
Karate club,25,26,False,False
Karate club,25,27,False,False
Karate club,26,32,False,True
Karate club,26,27,False,True
Karate club,27,32,False,True
Karate club,27,33,False,False
Karate club,28,30,False,True
Karate club,29,30,False,True
Les Miserables,0,58,False,True
Les Miserables,0,70,False,True
Les Miserables,0,25,False,True
Les Miserables,1,73,False,False
Les Miserables,1,58,False,True
Les Miserables,1,70,False,True
Les Miserables,1,39,False,True
Les Miserables,1,25,False,True
Les Miserables,1,31,False,False
Les Miserables,1,37,False,True
Les Miserables,1,15,False,True
Les Miserables,1,59,False,True
Les Miserables,1,9,False,True
Les Miserables,2,31,False,True
Les Miserables,2,49,False,False
Les Miserables,2,46,False,True
Les Miserables,2,24,False,True
Les Miserables,2,17,False,True
Les Miserables,2,67,False,True
Les Miserables,2,30,False,True
Les Miserables,2,21,False,True
Les Miserables,2,6,False,True
Les Miserables,2,40,False,True
Les Miserables,2,35,False,True
Les Miserables,2,55,False,True
Les Miserables,3,73,False,True
Les Miserables,3,27,False,False
Les Miserables,3,39,False,False
Les Miserables,3,42,False,True
Les Miserables,3,10,False,True
Les Miserables,3,8,False,True
Les Miserables,3,12,False,True
Les Miserables,3,16,False,True
Les Miserables,4,34,False,True
Les Miserables,4,49,False,True
Les Miserables,5,44,False,True
Les Miserables,5,71,False,True
Les Miserables,5,26,False,True
Les Miserables,5,29,False,True
Les Miserables,5,23,False,True
Les Miserables,5,76,False,True
Les Miserables,5,27,False,True
Les Miserables,6,73,False,False
Les Miserables,6,31,False,True
Les Miserables,6,49,False,False
Les Miserables,6,46,False,True
Les Miserables,6,24,False,True
Les Miserables,6,17,False,True
Les Miserables,6,67,False,True
Les Miserables,6,30,False,True
Les Miserables,6,21,False,True
Les Miserables,6,40,False,True
Les Miserables,6,35,False,True
Les Miserables,6,55,False,True
Les Miserables,7,70,True,True
Les Miserables,8,73,False,True
Les Miserables,8,42,False,True
Les Miserables,8,10,False,True
Les Miserables,8,12,False,True
Les Miserables,8,16,False,True
Les Miserables,9,70,False,True
Les Miserables,9,25,False,True
Les Miserables,9,31,False,False
Les Miserables,9,37,False,True
Les Miserables,9,15,False,True
Les Miserables,9,59,False,True
Les Miserables,10,73,False,True
Les Miserables,10,42,False,True
Les Miserables,10,12,False,True
Les Miserables,10,16,False,True
Les Miserables,11,62,True,True
Les Miserables,12,73,False,True
Les Miserables,12,42,False,True
Les Miserables,12,16,False,True
Les Miserables,13,31,False,True
Les Miserables,13,14,False,True
Les Miserables,14,31,False,True
Les Miserables,15,73,False,False
Les Miserables,15,58,False,True
Les Miserables,15,70,False,True
Les Miserables,15,39,False,True
Les Miserables,15,25,False,True
Les Miserables,15,24,False,False
Les Miserables,15,37,False,True
Les Miserables,15,59,False,True
Les Miserables,16,73,False,True
Les Miserables,16,42,False,True
Les Miserables,17,31,False,True
Les Miserables,17,49,False,False
Les Miserables,17,46,False,True
Les Miserables,17,24,False,True
Les Miserables,17,67,False,True
Les Miserables,17,30,False,True
Les Miserables,17,21,False,True
Les Miserables,17,40,False,True
Les Miserables,17,35,False,True
Les Miserables,18,73,False,False
Les Miserables,18,71,False,False
Les Miserables,18,58,False,False
Les Miserables,18,70,False,False
Les Miserables,18,39,False,False
Les Miserables,18,75,False,True
Les Miserables,18,34,False,True
Les Miserables,18,51,False,True
Les Miserables,18,45,False,True
Les Miserables,18,49,False,True
Les Miserables,18,72,False,False
Les Miserables,19,62,True,True
Les Miserables,20,62,True,True
Les Miserables,21,25,False,False
Les Miserables,21,31,False,True
Les Miserables,21,49,False,False
Les Miserables,21,46,False,True
Les Miserables,21,24,False,True
Les Miserables,21,67,False,True
Les Miserables,21,30,False,True
Les Miserables,21,40,False,True
Les Miserables,21,35,False,True
Les Miserables,21,55,False,True
Les Miserables,22,62,True,True
Les Miserables,23,44,False,True
Les Miserables,23,71,False,True
Les Miserables,23,26,False,True
Les Miserables,23,29,False,True
Les Miserables,23,76,False,True
Les Miserables,23,27,False,True
Les Miserables,24,73,False,False
Les Miserables,24,39,False,False
Les Miserables,24,31,False,True
Les Miserables,24,49,False,False
Les Miserables,24,46,False,True
Les Miserables,24,67,False,True
Les Miserables,24,30,False,True
Les Miserables,24,40,False,True
Les Miserables,24,35,False,True
Les Miserables,24,55,False,True
Les Miserables,25,58,False,True
Les Miserables,25,70,False,True
Les Miserables,25,49,False,False
Les Miserables,25,46,False,False
Les Miserables,25,37,False,True
Les Miserables,25,59,False,True
Les Miserables,26,44,False,True
Les Miserables,26,71,False,True
Les Miserables,26,29,False,True
Les Miserables,26,76,False,True
Les Miserables,26,27,False,True
Les Miserables,27,73,False,False
Les Miserables,27,48,False,False
Les Miserables,27,44,False,True
Les Miserables,27,71,False,True
Les Miserables,27,29,False,True
Les Miserables,27,76,False,True
Les Miserables,27,58,False,False
Les Miserables,27,70,False,False
Les Miserables,27,39,False,False
Les Miserables,27,65,False,True
Les Miserables,27,69,False,True
Les Miserables,28,73,False,True
Les Miserables,28,39,False,False
Les Miserables,28,60,False,True
Les Miserables,28,36,True,True
Les Miserables,29,44,False,True
Les Miserables,29,71,False,True
Les Miserables,29,76,False,True
Les Miserables,30,31,False,True
Les Miserables,30,49,False,False
Les Miserables,30,46,False,True
Les Miserables,30,67,False,True
Les Miserables,30,40,False,True
Les Miserables,30,35,False,True
Les Miserables,31,73,False,False
Les Miserables,31,70,False,False
Les Miserables,31,39,False,False
Les Miserables,31,53,True,True
Les Miserables,31,49,False,False
Les Miserables,31,46,False,True
Les Miserables,31,67,False,True
Les Miserables,31,40,False,True
Les Miserables,31,35,False,True
Les Miserables,31,37,False,False
Les Miserables,31,59,False,False
Les Miserables,31,55,False,True
Les Miserables,32,62,True,True
Les Miserables,33,73,True,True
Les Miserables,34,73,False,False
Les Miserables,34,47,False,True
Les Miserables,34,51,False,True
Les Miserables,34,45,False,True
Les Miserables,34,49,False,True
Les Miserables,35,67,False,True
Les Miserables,35,40,False,True
Les Miserables,35,55,False,True
Les Miserables,37,73,False,False
Les Miserables,37,58,False,True
Les Miserables,37,70,False,True
Les Miserables,37,39,False,True
Les Miserables,37,59,False,True
Les Miserables,38,73,True,True
Les Miserables,39,73,False,False
Les Miserables,39,58,False,True
Les Miserables,39,70,False,True
Les Miserables,39,69,False,False
Les Miserables,39,74,False,False
Les Miserables,39,75,False,False
Les Miserables,39,59,False,True
Les Miserables,39,72,False,False
Les Miserables,40,49,False,False
Les Miserables,40,46,False,True
Les Miserables,40,67,False,True
Les Miserables,40,55,False,True
Les Miserables,41,53,True,True
Les Miserables,42,73,False,True
Les Miserables,43,73,True,True
Les Miserables,44,71,False,True
Les Miserables,44,76,False,True
Les Miserables,45,51,False,True
Les Miserables,45,49,False,True
Les Miserables,46,49,False,False
Les Miserables,46,61,True,True
Les Miserables,47,58,False,False
Les Miserables,48,73,False,True
Les Miserables,49,73,False,False
Les Miserables,49,71,False,False
Les Miserables,49,70,False,False
Les Miserables,49,66,False,True
Les Miserables,49,51,False,True
Les Miserables,50,62,False,True
Les Miserables,50,56,False,True
Les Miserables,50,73,False,False
Les Miserables,51,73,False,False
Les Miserables,51,57,False,True
Les Miserables,51,52,True,True
Les Miserables,54,73,True,True
Les Miserables,56,62,False,True
Les Miserables,56,73,False,False
Les Miserables,57,66,False,True
Les Miserables,58,73,False,False
Les Miserables,58,70,False,True
Les Miserables,59,73,False,False
Les Miserables,59,70,False,True
Les Miserables,60,73,False,True
Les Miserables,62,63,True,True
Les Miserables,62,64,True,True
Les Miserables,62,73,False,False
Les Miserables,65,69,False,True
Les Miserables,66,70,False,False
Les Miserables,68,73,True,True
Les Miserables,69,73,False,False
Les Miserables,70,73,False,False
Les Miserables,71,76,False,True
Les Miserables,72,73,False,True
Les Miserables,73,74,False,True
Les Miserables,73,75,False,False
Southern women,0,3,False,True
Southern women,0,10,False,True
Southern women,0,11,False,True
Southern women,0,12,False,True
Southern women,0,13,False,True
Southern women,0,14,False,False
Southern women,0,15,False,False
Southern women,1,10,False,True
Southern women,1,11,False,True
Southern women,1,12,False,True
Southern women,1,14,False,False
Southern women,2,15,False,False
Southern women,2,16,False,True
Southern women,3,18,False,True
Southern women,3,23,False,True
Southern women,4,24,False,True
Southern women,4,22,False,True
Southern women,4,29,False,True
Southern women,4,25,False,True
Southern women,4,21,False,True
Southern women,5,25,False,False
Southern women,5,21,False,False
Southern women,5,26,False,True
Southern women,5,19,False,True
Southern women,6,31,False,True
Southern women,6,24,False,True
Southern women,6,22,False,True
Southern women,6,29,False,True
Southern women,6,25,False,True
Southern women,6,21,False,True
Southern women,7,22,False,True
Southern women,7,29,False,True
Southern women,7,25,False,True
Southern women,8,22,False,True
Southern women,8,29,False,True
Southern women,8,25,False,True
Southern women,9,18,False,True
Southern women,9,23,False,True
Southern women,9,30,False,True
Southern women,10,18,False,True
Southern women,10,23,False,True
Southern women,10,30,False,True
Southern women,10,20,False,True
Southern women,11,18,False,True
Southern women,11,30,False,True
Southern women,12,18,False,True
Southern women,12,23,False,True
Southern women,12,30,False,True
Southern women,12,20,False,True
Southern women,12,17,False,False
Southern women,12,28,False,False
Southern women,13,18,False,True
Southern women,13,23,False,True
Southern women,13,30,False,True
Southern women,13,20,False,True
Southern women,13,17,False,False
Southern women,13,27,False,False
Southern women,13,25,False,False
Southern women,14,23,False,False
Southern women,14,30,False,False
Southern women,14,17,False,True
Southern women,14,28,False,True
Southern women,14,31,False,False
Southern women,14,29,False,False
Southern women,14,25,False,False
Southern women,14,21,False,False
Southern women,15,18,False,False
Southern women,15,23,False,False
Southern women,15,30,False,False
Southern women,15,20,False,False
Southern women,15,17,False,False
Southern women,15,27,False,False
Southern women,15,28,False,False
Southern women,15,31,False,True
Southern women,15,24,False,True
Southern women,15,22,False,True
Southern women,15,29,False,True
Southern women,15,21,False,True
Southern women,16,18,False,False
Southern women,16,30,False,False
Southern women,16,27,False,True
Southern women,16,28,False,False
Southern women,16,31,False,False
Southern women,16,24,False,False
Southern women,16,22,False,False
Southern women,16,29,False,False
Southern women,16,25,False,False
Southern women,16,26,False,True
Southern women,16,19,False,True
Florentine families,0,8,True,True
Florentine families,1,8,False,False
Florentine families,1,5,True,True
Florentine families,1,6,False,True
Florentine families,2,8,False,True
Florentine families,2,4,False,False
Florentine families,3,10,False,True
Florentine families,3,13,False,True
Florentine families,3,6,False,False
Florentine families,4,10,False,True
Florentine families,4,13,False,True
Florentine families,6,14,False,False
Florentine families,6,7,True,True
Florentine families,8,11,False,True
Florentine families,8,14,False,True
Florentine families,8,12,True,False
Florentine families,9,12,True,True
Florentine families,10,13,False,True
Florentine families,11,13,False,False
Florentine families,11,14,False,True
C. elegans,0,244,False,False
C. elegans,0,267,False,False
C. elegans,0,272,False,False
C. elegans,0,273,False,False
C. elegans,0,111,False,True
C. elegans,0,287,False,False
C. elegans,0,289,False,False
C. elegans,0,65,False,True
C. elegans,0,66,False,True
C. elegans,0,246,False,False
C. elegans,0,51,False,False
C. elegans,1,231,False,True
C. elegans,1,275,False,True
C. elegans,1,67,False,True
C. elegans,1,156,False,True
C. elegans,1,26,False,True
C. elegans,1,220,False,False
C. elegans,1,89,False,True
C. elegans,1,134,False,True
C. elegans,1,137,False,False
C. elegans,1,229,False,True
C. elegans,2,287,False,True
C. elegans,2,285,False,True
C. elegans,2,29,False,True
C. elegans,2,89,False,True
C. elegans,2,264,False,True
C. elegans,2,296,False,True
C. elegans,2,18,False,False
C. elegans,2,25,False,True
C. elegans,2,220,False,False
C. elegans,2,275,False,True
C. elegans,2,236,False,True
C. elegans,2,34,False,True
C. elegans,2,50,False,False
C. elegans,2,225,False,True
C. elegans,2,69,False,True
C. elegans,2,24,False,True
C. elegans,2,230,False,False
C. elegans,2,68,False,True
C. elegans,2,293,False,False
C. elegans,2,292,False,False
C. elegans,2,295,False,True
C. elegans,2,28,False,False
C. elegans,2,27,False,False
C. elegans,3,287,False,True
C. elegans,3,285,False,True
C. elegans,3,78,False,True
C. elegans,3,134,False,True
C. elegans,3,294,False,True
C. elegans,3,26,False,True
C. elegans,3,223,False,True
C. elegans,3,242,False,True
C. elegans,3,264,False,True
C. elegans,3,25,False,True
C. elegans,3,220,False,False
C. elegans,3,275,False,True
C. elegans,3,232,False,True
C. elegans,3,226,False,True
C. elegans,3,69,False,True
C. elegans,3,229,False,True
C. elegans,3,68,False,True
C. elegans,4,287,False,True
C. elegans,4,285,False,True
C. elegans,4,123,False,True
C. elegans,4,25,False,True
C. elegans,4,89,False,True
C. elegans,4,264,False,True
C. elegans,4,253,False,True
C. elegans,4,39,False,True
C. elegans,4,220,False,False
C. elegans,4,275,False,True
C. elegans,4,228,False,True
C. elegans,4,233,False,True
C. elegans,4,215,False,True
C. elegans,4,227,False,True
C. elegans,4,69,False,True
C. elegans,4,295,False,True
C. elegans,5,41,False,True
C. elegans,5,293,False,False
C. elegans,5,292,False,False
C. elegans,5,109,False,True
C. elegans,5,266,False,False
C. elegans,5,89,False,False
C. elegans,5,28,False,True
C. elegans,5,46,False,False
C. elegans,5,114,False,True
C. elegans,6,50,False,False
C. elegans,6,40,False,True
C. elegans,6,293,False,False
C. elegans,6,292,False,False
C. elegans,6,109,False,False
C. elegans,6,267,False,False
C. elegans,6,44,False,True
C. elegans,6,115,False,True
C. elegans,7,123,False,False
C. elegans,7,221,False,True
C. elegans,8,134,False,True
C. elegans,8,49,False,True
C. elegans,8,221,False,False
C. elegans,9,287,False,True
C. elegans,9,285,False,True
C. elegans,9,291,False,True
C. elegans,9,89,False,True
C. elegans,9,137,False,False
C. elegans,9,294,False,True
C. elegans,9,26,False,True
C. elegans,9,46,False,True
C. elegans,9,220,False,False
C. elegans,9,24,False,True
C. elegans,9,229,False,True
C. elegans,9,47,False,False
C. elegans,9,292,False,False
C. elegans,9,114,False,False
C. elegans,9,115,False,True
C. elegans,10,287,False,True
C. elegans,10,285,False,True
C. elegans,10,288,False,True
C. elegans,10,78,False,True
C. elegans,10,290,False,True
C. elegans,10,291,False,True
C. elegans,10,89,False,True
C. elegans,10,228,False,True
C. elegans,10,44,False,True
C. elegans,10,295,False,True
C. elegans,10,25,False,True
C. elegans,10,220,False,False
C. elegans,10,24,False,True
C. elegans,10,48,False,False
C. elegans,10,19,False,False
C. elegans,11,239,False,True
C. elegans,11,248,False,True
C. elegans,11,47,False,True
C. elegans,11,244,False,True
C. elegans,11,14,False,True
C. elegans,11,251,False,True
C. elegans,11,252,False,True
C. elegans,11,261,False,True
C. elegans,11,284,False,True
C. elegans,11,86,False,True
C. elegans,11,63,False,True
C. elegans,11,255,False,True
C. elegans,11,247,False,True
C. elegans,11,250,False,True
C. elegans,11,283,False,True
C. elegans,11,135,False,True
C. elegans,12,263,False,True
C. elegans,12,242,False,True
C. elegans,12,100,False,True
C. elegans,12,288,False,True
C. elegans,12,145,False,True
C. elegans,12,178,False,True
C. elegans,12,189,False,True
C. elegans,12,204,False,True
C. elegans,13,254,False,True
C. elegans,13,249,False,True
C. elegans,13,256,False,False
C. elegans,13,251,False,True
C. elegans,13,240,False,False
C. elegans,13,48,False,False
C. elegans,13,245,False,True
C. elegans,13,280,False,True
C. elegans,13,284,False,True
C. elegans,13,64,False,False
C. elegans,13,283,False,True
C. elegans,13,258,False,True
C. elegans,13,262,False,True
C. elegans,13,136,False,True
C. elegans,13,15,False,True
C. elegans,14,261,False,True
C. elegans,14,79,False,False
C. elegans,14,252,False,True
C. elegans,14,269,False,False
C. elegans,14,270,False,False
C. elegans,14,271,False,False
C. elegans,14,273,False,False
C. elegans,14,53,False,True
C. elegans,14,54,False,True
C. elegans,14,274,False,True
C. elegans,14,276,False,True
C. elegans,14,277,False,False
C. elegans,14,135,False,True
C. elegans,14,63,False,True
C. elegans,14,42,False,True
C. elegans,14,219,False,True
C. elegans,15,262,False,True
C. elegans,15,254,False,True
C. elegans,15,260,False,True
C. elegans,15,271,False,False
C. elegans,15,53,False,True
C. elegans,15,54,False,True
C. elegans,15,278,False,False
C. elegans,15,86,False,True
C. elegans,15,87,False,True
C. elegans,15,64,False,False
C. elegans,15,69,False,False
C. elegans,15,219,False,True
C. elegans,16,244,False,True
C. elegans,16,111,False,False
C. elegans,16,248,False,True
C. elegans,16,279,False,True
C. elegans,16,283,False,True
C. elegans,16,284,False,True
C. elegans,16,87,False,True
C. elegans,16,285,False,False
C. elegans,16,288,False,False
C. elegans,16,251,False,True
C. elegans,16,241,False,True
C. elegans,16,250,False,True
C. elegans,16,257,False,True
C. elegans,17,265,False,True
C. elegans,17,238,False,True
C. elegans,17,249,False,True
C. elegans,17,280,False,True
C. elegans,17,86,False,True
C. elegans,17,287,False,False
C. elegans,17,289,False,False
C. elegans,17,251,False,True
C. elegans,17,284,False,True
C. elegans,17,243,False,True
C. elegans,17,250,False,True
C. elegans,18,65,False,True
C. elegans,18,66,False,True
C. elegans,18,24,False,False
C. elegans,18,293,False,False
C. elegans,18,88,False,True
C. elegans,18,113,False,True
C. elegans,18,110,False,True
C. elegans,18,28,False,True
C. elegans,18,268,False,False
C. elegans,18,272,False,False
C. elegans,18,273,False,False
C. elegans,18,81,False,False
C. elegans,18,109,False,True
C. elegans,18,90,False,True
C. elegans,18,93,False,True
C. elegans,18,136,False,False
C. elegans,18,292,False,False
C. elegans,18,32,False,False
C. elegans,18,37,False,False
C. elegans,18,221,False,True
C. elegans,18,27,False,True
C. elegans,19,66,False,True
C. elegans,19,137,False,True
C. elegans,19,50,False,False
C. elegans,19,24,False,False
C. elegans,19,90,False,True
C. elegans,19,113,False,True
C. elegans,19,110,False,True
C. elegans,19,28,False,True
C. elegans,19,27,False,True
C. elegans,19,109,False,True
C. elegans,19,88,False,True
C. elegans,19,93,False,True
C. elegans,19,103,False,False
C. elegans,19,135,False,False
C. elegans,19,292,False,False
C. elegans,19,293,False,False
C. elegans,19,31,False,False
C. elegans,19,41,False,True
C. elegans,19,44,False,False
C. elegans,19,46,False,False
C. elegans,19,221,False,True
C. elegans,20,268,False,True
C. elegans,20,269,False,True
C. elegans,20,24,False,False
C. elegans,20,104,False,True
C. elegans,20,130,False,True
C. elegans,20,135,False,False
C. elegans,20,136,False,False
C. elegans,20,131,False,True
C. elegans,20,52,False,True
C. elegans,20,273,False,True
C. elegans,20,54,False,False
C. elegans,20,150,False,True
C. elegans,20,60,False,False
C. elegans,20,99,False,False
C. elegans,20,139,False,True
C. elegans,20,70,False,True
C. elegans,20,72,False,True
C. elegans,20,107,False,False
C. elegans,20,220,False,False
C. elegans,20,110,False,False
C. elegans,20,53,False,False
C. elegans,20,103,False,True
C. elegans,20,133,False,True
C. elegans,20,132,False,True
C. elegans,20,190,False,False
C. elegans,20,193,False,False
C. elegans,21,289,False,True
C. elegans,21,123,False,True
C. elegans,21,67,False,True
C. elegans,21,134,False,True
C. elegans,21,228,False,True
C. elegans,21,23,False,True
C. elegans,21,238,False,False
C. elegans,21,248,False,False
C. elegans,21,249,False,False
C. elegans,21,265,False,False
C. elegans,21,111,False,False
C. elegans,21,232,False,True
C. elegans,21,233,False,True
C. elegans,21,214,False,True
C. elegans,21,231,False,True
C. elegans,21,45,False,True
C. elegans,21,100,False,True
C. elegans,21,112,False,True
C. elegans,21,285,False,True
C. elegans,21,287,False,True
C. elegans,21,288,False,True
C. elegans,21,145,False,True
C. elegans,21,156,False,True
C. elegans,21,189,False,True
C. elegans,21,200,False,True
C. elegans,21,229,False,True
C. elegans,21,219,False,False
C. elegans,21,34,False,True
C. elegans,21,49,False,True
C. elegans,21,50,False,False
C. elegans,21,56,False,True
C. elegans,21,110,False,False
C. elegans,22,65,False,False
C. elegans,22,66,False,False
C. elegans,22,69,False,False
C. elegans,22,237,False,True
C. elegans,22,248,False,True
C. elegans,22,249,False,True
C. elegans,22,51,False,False
C. elegans,22,263,False,False
C. elegans,22,111,False,False
C. elegans,22,109,False,False
C. elegans,22,86,False,True
C. elegans,22,285,False,False
C. elegans,22,287,False,False
C. elegans,22,235,False,False
C. elegans,22,236,False,False
C. elegans,22,238,False,True
C. elegans,22,282,False,True
C. elegans,22,255,False,True
C. elegans,22,276,False,True
C. elegans,22,280,False,True
C. elegans,22,274,False,True
C. elegans,23,233,False,True
C. elegans,23,253,False,True
C. elegans,23,291,False,True
C. elegans,23,156,False,True
C. elegans,23,167,False,True
C. elegans,23,178,False,True
C. elegans,23,189,False,True
C. elegans,23,215,False,True
C. elegans,24,228,False,True
C. elegans,24,232,False,True
C. elegans,24,272,False,False
C. elegans,24,273,False,False
C. elegans,24,233,False,True
C. elegans,24,214,False,True
C. elegans,24,231,False,True
C. elegans,24,89,False,True
C. elegans,24,288,False,True
C. elegans,24,289,False,True
C. elegans,24,292,False,False
C. elegans,24,293,False,False
C. elegans,24,25,False,True
C. elegans,24,296,False,True
C. elegans,24,44,False,True
C. elegans,24,46,False,True
C. elegans,24,229,False,True
C. elegans,24,277,False,False
C. elegans,24,130,False,False
C. elegans,24,94,False,False
C. elegans,25,287,False,True
C. elegans,25,285,False,True
C. elegans,25,214,False,True
C. elegans,25,286,False,True
C. elegans,25,78,False,True
C. elegans,25,220,False,False
C. elegans,25,264,False,True
C. elegans,25,275,False,True
C. elegans,25,228,False,True
C. elegans,25,233,False,True
C. elegans,25,112,False,True
C. elegans,25,227,False,True
C. elegans,25,229,False,True
C. elegans,25,295,False,True
C. elegans,25,80,False,True
C. elegans,26,287,False,True
C. elegans,26,285,False,True
C. elegans,26,78,False,True
C. elegans,26,231,False,True
C. elegans,26,89,False,True
C. elegans,26,220,False,False
C. elegans,26,296,False,True
C. elegans,26,275,False,True
C. elegans,26,100,False,True
C. elegans,26,204,False,True
C. elegans,26,226,False,True
C. elegans,26,224,False,True
C. elegans,26,229,False,True
C. elegans,26,79,False,False
C. elegans,27,65,False,True
C. elegans,27,296,False,False
C. elegans,27,32,False,False
C. elegans,27,74,False,False
C. elegans,27,113,False,True
C. elegans,27,110,False,True
C. elegans,27,244,False,False
C. elegans,27,69,False,False
C. elegans,27,220,False,False
C. elegans,27,94,False,False
C. elegans,28,290,False,False
C. elegans,28,293,False,False
C. elegans,28,292,False,False
C. elegans,28,113,False,True
C. elegans,28,110,False,True
C. elegans,28,245,False,False
C. elegans,28,220,False,False
C. elegans,29,66,False,False
C. elegans,29,214,False,True
C. elegans,29,220,False,False
C. elegans,29,233,False,True
C. elegans,29,49,False,True
C. elegans,29,95,False,False
C. elegans,30,65,False,False
C. elegans,30,231,False,True
C. elegans,30,189,False,True
C. elegans,30,68,False,True
C. elegans,30,220,False,False
C. elegans,30,112,False,True
C. elegans,30,232,False,True
C. elegans,30,115,False,True
C. elegans,30,95,False,False
C. elegans,31,244,False,True
C. elegans,31,42,False,True
C. elegans,31,245,False,True
C. elegans,31,266,False,False
C. elegans,31,292,False,True
C. elegans,31,293,False,True
C. elegans,31,68,False,False
C. elegans,31,74,False,False
C. elegans,31,295,False,False
C. elegans,31,127,False,True
C. elegans,31,82,False,False
C. elegans,32,244,False,True
C. elegans,32,287,False,False
C. elegans,32,78,False,False
C. elegans,32,294,False,False
C. elegans,32,245,False,True
C. elegans,32,267,False,False
C. elegans,32,292,False,True
C. elegans,32,293,False,True
C. elegans,32,68,False,False
C. elegans,32,83,False,False
C. elegans,32,43,False,True
C. elegans,32,74,False,False
C. elegans,32,109,False,False
C. elegans,32,128,False,True
C. elegans,33,287,False,True
C. elegans,33,285,False,True
C. elegans,33,233,False,True
C. elegans,33,225,False,True
C. elegans,33,221,False,False
C. elegans,33,80,False,True
C. elegans,34,49,False,True
C. elegans,34,272,False,False
C. elegans,34,264,False,True
C. elegans,34,100,False,True
C. elegans,34,123,False,True
C. elegans,34,290,False,True
C. elegans,34,296,False,True
C. elegans,34,189,False,True
C. elegans,34,200,False,True
C. elegans,34,235,False,True
C. elegans,35,287,False,True
C. elegans,35,49,False,True
C. elegans,35,232,False,True
C. elegans,35,221,False,False
C. elegans,36,287,False,True
C. elegans,36,214,False,True
C. elegans,36,221,False,False
C. elegans,36,224,False,True
C. elegans,36,68,False,True
C. elegans,36,295,False,True
C. elegans,37,231,False,True
C. elegans,37,294,False,True
C. elegans,37,221,False,False
C. elegans,37,236,False,True
C. elegans,37,225,False,True
C. elegans,38,228,False,True
C. elegans,38,100,False,True
C. elegans,38,221,False,False
C. elegans,38,229,False,True
C. elegans,38,68,False,True
C. elegans,38,130,False,False
C. elegans,38,81,False,False
C. elegans,39,112,False,True
C. elegans,39,221,False,False
C. elegans,39,229,False,True
C. elegans,39,131,False,False
C. elegans,40,290,False,True
C. elegans,40,225,False,True
C. elegans,40,232,False,True
C. elegans,40,267,False,False
C. elegans,40,167,False,True
C. elegans,40,220,False,False
C. elegans,40,248,False,False
C. elegans,40,238,False,False
C. elegans,40,276,False,False
C. elegans,40,109,False,False
C. elegans,40,115,False,True
C. elegans,41,291,False,False
C. elegans,41,233,False,False
C. elegans,41,49,False,False
C. elegans,41,224,False,False
C. elegans,41,266,False,False
C. elegans,41,167,False,False
C. elegans,41,220,False,False
C. elegans,41,249,False,False
C. elegans,41,281,False,False
C. elegans,41,109,False,True
C. elegans,41,110,False,True
C. elegans,41,274,False,False
C. elegans,41,114,False,True
C. elegans,42,68,False,False
C. elegans,42,237,False,True
C. elegans,42,248,False,True
C. elegans,42,128,False,True
C. elegans,42,200,False,False
C. elegans,42,220,False,False
C. elegans,42,276,False,True
C. elegans,42,109,False,False
C. elegans,42,127,False,True
C. elegans,43,294,False,False
C. elegans,43,238,False,True
C. elegans,43,249,False,True
C. elegans,43,282,False,True
C. elegans,43,127,False,True
C. elegans,43,200,False,False
C. elegans,43,220,False,False
C. elegans,43,109,False,False
C. elegans,43,274,False,True
C. elegans,43,128,False,True
C. elegans,44,287,False,True
C. elegans,44,289,False,True
C. elegans,44,285,False,True
C. elegans,44,239,False,False
C. elegans,44,78,False,True
C. elegans,44,290,False,True
C. elegans,44,291,False,True
C. elegans,44,89,False,True
C. elegans,44,220,False,False
C. elegans,44,226,False,True
C. elegans,44,227,False,True
C. elegans,44,245,False,False
C. elegans,44,293,False,False
C. elegans,44,295,False,True
C. elegans,45,89,False,True
C. elegans,45,50,False,False
C. elegans,45,275,False,True
C. elegans,45,112,False,True
C. elegans,45,134,False,True
C. elegans,45,296,False,True
C. elegans,45,178,False,True
C. elegans,45,200,False,True
C. elegans,45,223,False,True
C. elegans,45,225,False,True
C. elegans,46,244,False,False
C. elegans,46,287,False,True
C. elegans,46,285,False,True
C. elegans,46,78,False,True
C. elegans,46,290,False,True
C. elegans,46,291,False,True
C. elegans,46,89,False,True
C. elegans,46,294,False,True
C. elegans,46,200,False,True
C. elegans,46,220,False,False
C. elegans,46,226,False,True
C. elegans,46,227,False,True
C. elegans,46,293,False,False
C. elegans,46,292,False,False
C. elegans,46,115,False,True
C. elegans,47,49,False,False
C. elegans,47,68,False,False
C. elegans,47,237,False,True
C. elegans,47,244,False,True
C. elegans,47,245,False,True
C. elegans,47,267,False,False
C. elegans,47,268,False,False
C. elegans,47,269,False,False
C. elegans,47,272,False,False
C. elegans,47,278,False,False
C. elegans,47,62,False,False
C. elegans,47,292,False,True
C. elegans,47,145,False,False
C. elegans,47,103,False,False
C. elegans,47,279,False,True
C. elegans,48,291,False,False
C. elegans,48,50,False,True
C. elegans,48,69,False,False
C. elegans,48,238,False,False
C. elegans,48,268,False,True
C. elegans,48,269,False,True
C. elegans,48,272,False,True
C. elegans,48,277,False,True
C. elegans,48,293,False,False
C. elegans,48,156,False,False
C. elegans,48,295,False,False
C. elegans,48,256,False,True
C. elegans,49,266,False,False
C. elegans,49,267,False,False
C. elegans,49,272,False,False
C. elegans,49,82,False,False
C. elegans,49,232,False,True
C. elegans,49,61,False,False
C. elegans,49,264,False,True
C. elegans,49,78,False,True
C. elegans,49,285,False,True
C. elegans,49,63,False,False
C. elegans,49,65,False,False
C. elegans,49,66,False,False
C. elegans,49,294,False,True
C. elegans,49,295,False,True
C. elegans,49,296,False,True
C. elegans,49,68,False,True
C. elegans,49,224,False,True
C. elegans,49,50,False,False
C. elegans,49,83,False,False
C. elegans,50,267,False,True
C. elegans,50,266,False,True
C. elegans,50,271,False,True
C. elegans,50,273,False,True
C. elegans,50,278,False,True
C. elegans,50,233,False,False
C. elegans,50,61,False,True
C. elegans,50,62,False,True
C. elegans,50,89,False,False
C. elegans,50,65,False,False
C. elegans,50,66,False,False
C. elegans,50,69,False,False
C. elegans,50,83,False,True
C. elegans,50,81,False,True
C. elegans,51,104,False,True
C. elegans,51,276,False,False
C. elegans,51,109,False,False
C. elegans,51,131,False,True
C. elegans,51,266,False,True
C. elegans,51,267,False,True
C. elegans,51,268,False,True
C. elegans,51,269,False,True
C. elegans,51,270,False,True
C. elegans,51,271,False,True
C. elegans,51,277,False,True
C. elegans,51,111,False,False
C. elegans,51,130,False,True
C. elegans,51,103,False,True
C. elegans,51,285,False,False
C. elegans,51,287,False,False
C. elegans,51,235,False,False
C. elegans,52,267,False,True
C. elegans,52,272,False,True
C. elegans,52,273,False,True
C. elegans,52,266,False,True
C. elegans,52,268,False,True
C. elegans,52,269,False,True
C. elegans,52,270,False,True
C. elegans,52,271,False,True
C. elegans,52,130,False,True
C. elegans,52,57,False,True
C. elegans,52,76,False,False
C. elegans,52,220,False,False
C. elegans,52,131,False,True
C. elegans,52,58,False,False
C. elegans,53,278,False,False
C. elegans,53,276,False,True
C. elegans,53,87,False,True
C. elegans,53,86,False,True
C. elegans,53,54,False,True
C. elegans,53,268,False,False
C. elegans,53,55,False,False
C. elegans,53,88,False,False
C. elegans,53,135,False,True
C. elegans,53,74,False,False
C. elegans,53,195,False,False
C. elegans,53,220,False,False
C. elegans,53,64,False,False
C. elegans,53,118,False,True
C. elegans,53,192,False,True
C. elegans,53,191,False,True
C. elegans,54,277,False,False
C. elegans,54,136,False,True
C. elegans,54,274,False,True
C. elegans,54,268,False,False
C. elegans,54,269,False,False
C. elegans,54,55,False,False
C. elegans,54,276,False,True
C. elegans,54,87,False,True
C. elegans,54,90,False,False
C. elegans,54,135,False,True
C. elegans,54,195,False,False
C. elegans,54,220,False,False
C. elegans,54,133,False,False
C. elegans,54,132,False,False
C. elegans,54,192,False,True
C. elegans,54,191,False,True
C. elegans,55,129,False,True
C. elegans,55,133,False,True
C. elegans,55,132,False,True
C. elegans,55,266,False,True
C. elegans,55,267,False,True
C. elegans,55,268,False,True
C. elegans,55,270,False,True
C. elegans,55,271,False,True
C. elegans,55,273,False,True
C. elegans,55,278,False,True
C. elegans,55,97,False,False
C. elegans,55,110,False,False
C. elegans,55,118,False,False
C. elegans,55,119,False,False
C. elegans,55,130,False,True
C. elegans,55,131,False,True
C. elegans,55,103,False,True
C. elegans,55,104,False,True
C. elegans,55,135,False,False
C. elegans,55,136,False,False
C. elegans,55,168,False,True
C. elegans,55,221,False,False
C. elegans,56,123,False,True
C. elegans,56,111,False,False
C. elegans,56,286,False,True
C. elegans,56,285,False,True
C. elegans,56,145,False,True
C. elegans,56,178,False,True
C. elegans,56,189,False,True
C. elegans,56,200,False,True
C. elegans,56,222,False,True
C. elegans,57,267,False,True
C. elegans,57,272,False,True
C. elegans,57,273,False,True
C. elegans,57,266,False,True
C. elegans,57,270,False,True
C. elegans,57,271,False,True
C. elegans,57,76,False,False
C. elegans,57,77,False,False
C. elegans,57,220,False,False
C. elegans,57,81,False,True
C. elegans,57,60,False,False
C. elegans,58,141,False,False
C. elegans,58,60,False,True
C. elegans,58,76,False,True
C. elegans,58,77,False,True
C. elegans,58,196,False,False
C. elegans,58,197,False,True
C. elegans,58,220,False,True
C. elegans,59,137,False,False
C. elegans,59,130,False,False
C. elegans,59,109,False,False
C. elegans,59,131,False,False
C. elegans,59,142,False,False
C. elegans,59,60,False,True
C. elegans,59,162,False,True
C. elegans,59,77,False,True
C. elegans,59,196,False,False
C. elegans,59,197,False,True
C. elegans,59,198,False,True
C. elegans,59,220,False,True
C. elegans,60,74,False,True
C. elegans,60,135,False,False
C. elegans,60,136,False,False
C. elegans,60,150,False,False
C. elegans,60,169,False,True
C. elegans,60,170,False,False
C. elegans,60,73,False,True
C. elegans,60,76,False,True
C. elegans,60,133,False,False
C. elegans,60,132,False,False
C. elegans,60,77,False,True
C. elegans,60,220,False,True
C. elegans,60,75,False,True
C. elegans,60,190,False,True
C. elegans,60,187,False,True
C. elegans,61,244,False,False
C. elegans,61,245,False,False
C. elegans,61,266,False,True
C. elegans,61,267,False,True
C. elegans,61,268,False,True
C. elegans,61,269,False,True
C. elegans,61,270,False,True
C. elegans,61,271,False,True
C. elegans,61,109,False,False
C. elegans,61,62,False,True
C. elegans,61,131,False,True
C. elegans,61,94,False,True
C. elegans,62,245,False,False
C. elegans,62,266,False,True
C. elegans,62,267,False,True
C. elegans,62,268,False,True
C. elegans,62,269,False,True
C. elegans,62,270,False,True
C. elegans,62,271,False,True
C. elegans,62,272,False,True
C. elegans,62,273,False,True
C. elegans,62,109,False,False
C. elegans,62,130,False,True
C. elegans,62,74,False,False
C. elegans,62,221,False,False
C. elegans,63,86,False,True
C. elegans,63,79,False,False
C. elegans,63,268,False,False
C. elegans,63,269,False,False
C. elegans,63,276,False,True
C. elegans,63,278,False,False
C. elegans,63,103,False,False
C. elegans,63,292,False,True
C. elegans,63,293,False,True
C. elegans,64,277,False,True
C. elegans,64,280,False,False
C. elegans,64,87,False,False
C. elegans,64,136,False,False
C. elegans,64,133,False,True
C. elegans,64,256,False,True
C. elegans,64,268,False,True
C. elegans,64,269,False,True
C. elegans,64,274,False,False
C. elegans,64,278,False,True
C. elegans,64,130,False,True
C. elegans,64,131,False,True
C. elegans,64,104,False,True
C. elegans,64,293,False,False
C. elegans,64,156,False,False
C. elegans,64,132,False,True
C. elegans,65,267,False,False
C. elegans,65,111,False,True
C. elegans,65,248,False,False
C. elegans,65,249,False,False
C. elegans,65,114,False,True
C. elegans,65,272,False,False
C. elegans,65,273,False,False
C. elegans,65,113,False,True
C. elegans,65,288,False,False
C. elegans,65,235,False,False
C. elegans,65,276,False,False
C. elegans,65,110,False,True
C. elegans,65,103,False,False
C. elegans,66,249,False,False
C. elegans,66,115,False,False
C. elegans,66,273,False,False
C. elegans,66,111,False,True
C. elegans,66,289,False,False
C. elegans,66,236,False,False
C. elegans,66,238,False,False
C. elegans,66,104,False,False
C. elegans,66,113,False,True
C. elegans,66,110,False,True
C. elegans,67,231,False,True
C. elegans,67,134,False,True
C. elegans,67,287,False,True
C. elegans,67,156,False,True
C. elegans,67,178,False,True
C. elegans,67,189,False,True
C. elegans,67,200,False,True
C. elegans,67,223,False,True
C. elegans,67,236,False,True
C. elegans,68,232,False,True
C. elegans,68,245,False,False
C. elegans,68,79,False,False
C. elegans,68,114,False,False
C. elegans,68,261,False,False
C. elegans,68,266,False,False
C. elegans,68,269,False,False
C. elegans,68,272,False,False
C. elegans,68,296,False,True
C. elegans,68,235,False,True
C. elegans,68,220,False,False
C. elegans,68,135,False,False
C. elegans,69,233,False,True
C. elegans,69,225,False,True
C. elegans,69,115,False,True
C. elegans,69,256,False,False
C. elegans,69,267,False,False
C. elegans,69,269,False,False
C. elegans,69,270,False,False
C. elegans,69,273,False,False
C. elegans,69,277,False,False
C. elegans,69,296,False,True
C. elegans,69,236,False,True
C. elegans,69,220,False,False
C. elegans,69,87,False,False
C. elegans,70,267,False,True
C. elegans,70,272,False,True
C. elegans,70,273,False,True
C. elegans,70,266,False,True
C. elegans,70,137,False,False
C. elegans,70,270,False,True
C. elegans,70,271,False,True
C. elegans,70,74,False,False
C. elegans,70,87,False,False
C. elegans,70,169,False,False
C. elegans,70,86,False,False
C. elegans,71,267,False,True
C. elegans,71,272,False,True
C. elegans,71,278,False,True
C. elegans,71,270,False,True
C. elegans,71,87,False,False
C. elegans,71,221,False,False
C. elegans,71,86,False,False
C. elegans,72,273,False,True
C. elegans,72,266,False,True
C. elegans,72,271,False,True
C. elegans,72,277,False,True
C. elegans,72,221,False,False
C. elegans,73,272,False,False
C. elegans,73,273,False,False
C. elegans,73,74,False,True
C. elegans,73,169,False,True
C. elegans,73,76,False,True
C. elegans,73,220,False,True
C. elegans,74,245,False,False
C. elegans,74,292,False,False
C. elegans,74,169,False,True
C. elegans,74,170,False,False
C. elegans,74,76,False,True
C. elegans,74,77,False,True
C. elegans,74,220,False,True
C. elegans,74,109,False,False
C. elegans,75,196,False,False
C. elegans,75,77,False,True
C. elegans,75,162,False,True
C. elegans,75,169,False,True
C. elegans,75,188,False,True
C. elegans,75,220,False,True
C. elegans,76,276,False,False
C. elegans,76,135,False,False
C. elegans,76,136,False,False
C. elegans,76,150,False,False
C. elegans,76,169,False,True
C. elegans,76,274,False,False
C. elegans,76,220,False,True
C. elegans,76,188,False,True
C. elegans,76,190,False,True
C. elegans,76,187,False,True
C. elegans,77,272,False,False
C. elegans,77,273,False,False
C. elegans,77,141,False,False
C. elegans,77,142,False,False
C. elegans,77,150,False,False
C. elegans,77,169,False,True
C. elegans,77,170,False,False
C. elegans,77,220,False,True
C. elegans,77,190,False,True
C. elegans,78,214,False,True
C. elegans,78,273,False,False
C. elegans,78,232,False,True
C. elegans,78,286,False,True
C. elegans,78,288,False,True
C. elegans,78,296,False,True
C. elegans,78,178,False,True
C. elegans,78,226,False,True
C. elegans,79,271,False,True
C. elegans,79,272,False,True
C. elegans,79,82,False,True
C. elegans,79,232,False,False
C. elegans,79,214,False,False
C. elegans,79,130,False,True
C. elegans,79,131,False,True
C. elegans,79,94,False,True
C. elegans,80,83,False,False
C. elegans,80,233,False,True
C. elegans,80,231,False,True
C. elegans,80,131,False,False
C. elegans,81,278,False,True
C. elegans,81,268,False,True
C. elegans,81,269,False,True
C. elegans,81,82,False,True
C. elegans,81,83,False,True
C. elegans,81,130,False,True
C. elegans,81,131,False,True
C. elegans,81,137,False,False
C. elegans,81,234,False,True
C. elegans,81,93,False,False
C. elegans,82,133,False,True
C. elegans,82,267,False,True
C. elegans,82,274,False,False
C. elegans,82,278,False,True
C. elegans,82,86,False,False
C. elegans,82,130,False,True
C. elegans,82,132,False,True
C. elegans,82,204,False,False
C. elegans,82,219,False,False
C. elegans,83,233,False,False
C. elegans,83,266,False,True
C. elegans,83,274,False,False
C. elegans,83,277,False,True
C. elegans,83,87,False,False
C. elegans,83,130,False,True
C. elegans,83,131,False,True
C. elegans,83,132,False,True
C. elegans,83,133,False,True
C. elegans,83,95,False,True
C. elegans,83,215,False,False
C. elegans,84,221,True,True
C. elegans,85,221,True,True
C. elegans,86,269,False,False
C. elegans,86,278,False,False
C. elegans,86,87,False,True
C. elegans,86,135,False,True
C. elegans,86,248,False,True
C. elegans,86,249,False,True
C. elegans,86,144,False,False
C. elegans,86,255,False,True
C. elegans,86,256,False,False
C. elegans,86,260,False,True
C. elegans,86,261,False,True
C. elegans,86,270,False,False
C. elegans,86,277,False,False
C. elegans,86,281,False,True
C. elegans,86,282,False,True
C. elegans,86,153,False,False
C. elegans,86,292,False,True
C. elegans,86,173,False,False
C. elegans,86,188,False,False
C. elegans,86,192,False,True
C. elegans,86,220,False,False
C. elegans,86,125,True,True
C. elegans,87,268,False,False
C. elegans,87,256,False,False
C. elegans,87,277,False,False
C. elegans,87,244,False,True
C. elegans,87,245,False,True
C. elegans,87,248,False,True
C. elegans,87,249,False,True
C. elegans,87,144,False,False
C. elegans,87,255,False,True
C. elegans,87,270,False,False
C. elegans,87,281,False,True
C. elegans,87,153,False,False
C. elegans,87,154,False,False
C. elegans,87,159,False,False
C. elegans,87,133,False,False
C. elegans,87,136,False,True
C. elegans,87,293,False,True
C. elegans,87,172,False,False
C. elegans,87,173,False,False
C. elegans,87,188,False,False
C. elegans,87,190,False,False
C. elegans,87,192,False,True
C. elegans,87,220,False,False
C. elegans,87,260,False,True
C. elegans,87,126,False,False
C. elegans,87,187,False,False
C. elegans,87,193,False,False
C. elegans,88,266,False,False
C. elegans,88,130,False,False
C. elegans,88,109,False,True
C. elegans,88,90,False,True
C. elegans,88,93,False,True
C. elegans,88,137,False,True
C. elegans,88,176,False,False
C. elegans,88,221,False,True
C. elegans,89,231,False,True
C. elegans,89,272,False,False
C. elegans,89,273,False,False
C. elegans,89,233,False,True
C. elegans,89,253,False,True
C. elegans,89,289,False,True
C. elegans,89,296,False,True
C. elegans,89,189,False,True
C. elegans,89,240,False,False
C. elegans,90,267,False,False
C. elegans,90,137,False,True
C. elegans,90,109,False,True
C. elegans,90,131,False,False
C. elegans,90,93,False,True
C. elegans,90,176,False,False
C. elegans,90,221,False,True
C. elegans,90,126,False,True
C. elegans,91,266,False,True
C. elegans,91,109,False,False
C. elegans,91,131,False,True
C. elegans,91,92,False,True
C. elegans,91,221,False,False
C. elegans,92,267,False,True
C. elegans,92,109,False,False
C. elegans,92,130,False,True
C. elegans,92,221,False,False
C. elegans,93,109,False,True
C. elegans,93,130,False,False
C. elegans,93,137,False,True
C. elegans,93,221,False,True
C. elegans,94,245,False,False
C. elegans,94,266,False,True
C. elegans,94,267,False,True
C. elegans,94,272,False,True
C. elegans,94,291,False,False
C. elegans,95,239,False,False
C. elegans,95,244,False,False
C. elegans,95,266,False,True
C. elegans,95,268,False,True
C. elegans,95,269,False,True
C. elegans,95,109,False,False
C. elegans,96,267,False,False
C. elegans,96,266,False,False
C. elegans,96,270,False,False
C. elegans,96,271,False,False
C. elegans,96,151,False,False
C. elegans,96,97,False,True
C. elegans,96,98,False,True
C. elegans,96,194,False,True
C. elegans,96,195,False,True
C. elegans,96,220,False,True
C. elegans,96,106,False,True
C. elegans,96,161,False,True
C. elegans,97,267,False,False
C. elegans,97,266,False,False
C. elegans,97,99,False,True
C. elegans,97,270,False,False
C. elegans,97,271,False,False
C. elegans,97,155,False,True
C. elegans,97,98,False,True
C. elegans,97,195,False,True
C. elegans,97,107,False,True
C. elegans,97,220,False,True
C. elegans,97,106,False,True
C. elegans,97,110,False,False
C. elegans,97,118,False,False
C. elegans,98,267,False,False
C. elegans,98,266,False,False
C. elegans,98,137,False,False
C. elegans,98,270,False,False
C. elegans,98,271,False,False
C. elegans,98,99,False,True
C. elegans,98,195,False,True
C. elegans,98,107,False,True
C. elegans,98,220,False,True
C. elegans,98,106,False,True
C. elegans,98,101,False,True
C. elegans,98,124,False,True
C. elegans,99,234,False,False
C. elegans,99,195,False,True
C. elegans,99,107,False,True
C. elegans,99,220,False,True
C. elegans,99,155,False,True
C. elegans,99,168,False,False
C. elegans,99,106,False,True
C. elegans,99,110,False,False
C. elegans,99,101,False,True
C. elegans,99,102,False,True
C. elegans,99,161,False,True
C. elegans,99,179,False,True
C. elegans,99,160,False,True
C. elegans,99,177,False,True
C. elegans,100,145,False,True
C. elegans,100,291,False,True
C. elegans,100,232,False,True
C. elegans,101,110,False,False
C. elegans,101,133,False,False
C. elegans,101,220,False,True
C. elegans,102,220,False,True
C. elegans,103,276,False,False
C. elegans,103,266,False,True
C. elegans,103,267,False,True
C. elegans,103,268,False,True
C. elegans,103,269,False,True
C. elegans,103,271,False,True
C. elegans,103,273,False,True
C. elegans,103,162,False,False
C. elegans,103,113,False,False
C. elegans,103,131,False,True
C. elegans,103,136,False,False
C. elegans,103,221,False,False
C. elegans,104,238,False,False
C. elegans,104,256,False,True
C. elegans,104,266,False,True
C. elegans,104,267,False,True
C. elegans,104,268,False,True
C. elegans,104,269,False,True
C. elegans,104,272,False,True
C. elegans,104,274,False,False
C. elegans,104,162,False,False
C. elegans,104,113,False,False
C. elegans,104,130,False,True
C. elegans,104,131,False,True
C. elegans,104,135,False,False
C. elegans,104,287,False,False
C. elegans,104,293,False,False
C. elegans,104,221,False,False
C. elegans,104,110,False,False
C. elegans,105,133,False,True
C. elegans,105,132,False,True
C. elegans,105,139,False,True
C. elegans,105,190,False,False
C. elegans,105,221,False,False
C. elegans,105,138,False,True
C. elegans,106,267,False,False
C. elegans,106,266,False,False
C. elegans,106,109,False,False
C. elegans,106,168,False,False
C. elegans,106,161,False,True
C. elegans,106,116,False,False
C. elegans,106,130,False,False
C. elegans,106,131,False,False
C. elegans,106,107,False,True
C. elegans,106,108,False,True
C. elegans,106,220,False,True
C. elegans,106,139,False,False
C. elegans,106,179,False,True
C. elegans,106,120,False,False
C. elegans,106,138,False,False
C. elegans,106,121,False,False
C. elegans,106,122,False,True
C. elegans,106,124,False,True
C. elegans,107,133,False,False
C. elegans,107,132,False,False
C. elegans,107,220,False,True
C. elegans,107,193,False,True
C. elegans,108,267,False,False
C. elegans,108,266,False,False
C. elegans,108,220,False,True
C. elegans,108,193,False,True
C. elegans,109,137,False,True
C. elegans,109,248,False,False
C. elegans,109,249,False,False
C. elegans,109,130,False,False
C. elegans,109,263,False,False
C. elegans,109,265,False,False
C. elegans,109,266,False,False
C. elegans,109,268,False,False
C. elegans,109,272,False,False
C. elegans,109,273,False,False
C. elegans,109,157,False,False
C. elegans,109,158,False,False
C. elegans,109,159,False,False
C. elegans,109,161,False,False
C. elegans,109,285,False,False
C. elegans,109,287,False,False
C. elegans,109,293,False,False
C. elegans,109,179,False,False
C. elegans,109,131,False,False
C. elegans,109,118,False,False
C. elegans,109,119,False,False
C. elegans,109,122,False,False
C. elegans,109,124,False,False
C. elegans,109,126,False,True
C. elegans,110,272,False,False
C. elegans,110,273,False,False
C. elegans,110,135,False,False
C. elegans,110,136,False,False
C. elegans,110,113,False,True
C. elegans,110,244,False,False
C. elegans,110,245,False,False
C. elegans,110,200,False,False
C. elegans,110,220,False,False
C. elegans,110,221,False,True
C. elegans,110,192,False,False
C. elegans,110,191,False,False
C. elegans,111,263,False,False
C. elegans,111,266,False,False
C. elegans,111,272,False,False
C. elegans,111,285,False,False
C. elegans,111,288,False,False
C. elegans,111,247,False,False
C. elegans,112,156,False,True
C. elegans,112,233,False,True
C. elegans,112,290,False,True
C. elegans,112,291,False,True
C. elegans,113,270,False,False
C. elegans,113,271,False,False
C. elegans,113,135,False,False
C. elegans,113,136,False,False
C. elegans,113,244,False,False
C. elegans,113,245,False,False
C. elegans,113,266,False,False
C. elegans,113,267,False,False
C. elegans,113,268,False,False
C. elegans,113,288,False,False
C. elegans,113,192,False,False
C. elegans,113,191,False,False
C. elegans,116,266,False,True
C. elegans,116,270,False,True
C. elegans,116,267,False,True
C. elegans,116,271,False,True
C. elegans,116,277,False,True
C. elegans,116,120,False,True
C. elegans,116,132,False,True
C. elegans,116,138,False,True
C. elegans,116,131,False,True
C. elegans,116,129,False,True
C. elegans,116,122,False,False
C. elegans,117,267,False,True
C. elegans,117,271,False,True
C. elegans,117,130,False,True
C. elegans,117,266,False,True
C. elegans,117,270,False,True
C. elegans,117,278,False,True
C. elegans,117,129,False,True
C. elegans,117,131,False,True
C. elegans,117,137,False,False
C. elegans,117,138,False,True
C. elegans,117,124,False,False
C. elegans,118,271,False,False
C. elegans,118,274,False,True
C. elegans,118,276,False,True
C. elegans,118,119,False,True
C. elegans,118,120,False,False
C. elegans,118,121,False,False
C. elegans,118,135,False,True
C. elegans,119,276,False,True
C. elegans,119,120,False,False
C. elegans,119,121,False,False
C. elegans,119,135,False,True
C. elegans,120,266,False,True
C. elegans,120,267,False,True
C. elegans,120,270,False,True
C. elegans,120,121,False,True
C. elegans,120,130,False,True
C. elegans,121,266,False,True
C. elegans,121,267,False,True
C. elegans,121,270,False,True
C. elegans,121,271,False,True
C. elegans,121,130,False,True
C. elegans,121,131,False,True
C. elegans,122,266,False,False
C. elegans,122,130,False,False
C. elegans,122,124,False,True
C. elegans,123,214,False,True
C. elegans,123,239,False,False
C. elegans,123,286,False,True
C. elegans,123,290,False,True
C. elegans,123,145,False,True
C. elegans,123,237,False,False
C. elegans,124,276,False,False
C. elegans,124,131,False,False
C. elegans,126,266,False,False
C. elegans,126,270,False,False
C. elegans,126,131,False,False
C. elegans,129,270,False,True
C. elegans,129,271,False,True
C. elegans,129,266,False,True
C. elegans,129,267,False,True
C. elegans,129,133,False,True
C. elegans,129,132,False,True
C. elegans,130,267,False,True
C. elegans,130,272,False,True
C. elegans,130,278,False,True
C. elegans,130,270,False,True
C. elegans,130,277,False,True
C. elegans,130,240,False,True
C. elegans,130,141,False,True
C. elegans,130,266,False,True
C. elegans,130,268,False,True
C. elegans,130,269,False,True
C. elegans,130,271,False,True
C. elegans,130,273,False,True
C. elegans,130,150,False,True
C. elegans,130,157,False,False
C. elegans,130,158,False,False
C. elegans,130,159,False,False
C. elegans,130,161,False,False
C. elegans,130,131,False,True
C. elegans,130,137,False,False
C. elegans,130,138,False,True
C. elegans,130,234,False,True
C. elegans,130,179,False,False
C. elegans,130,180,False,False
C. elegans,130,181,False,False
C. elegans,130,182,False,False
C. elegans,130,183,False,False
C. elegans,130,184,False,False
C. elegans,130,185,False,False
C. elegans,131,273,False,True
C. elegans,131,266,False,True
C. elegans,131,137,False,False
C. elegans,131,278,False,True
C. elegans,131,271,False,True
C. elegans,131,277,False,True
C. elegans,131,141,False,True
C. elegans,131,267,False,True
C. elegans,131,268,False,True
C. elegans,131,269,False,True
C. elegans,131,270,False,True
C. elegans,131,272,False,True
C. elegans,131,150,False,True
C. elegans,131,157,False,False
C. elegans,131,158,False,False
C. elegans,131,159,False,False
C. elegans,131,161,False,False
C. elegans,131,139,False,True
C. elegans,131,234,False,True
C. elegans,131,179,False,False
C. elegans,131,180,False,False
C. elegans,131,181,False,False
C. elegans,131,182,False,False
C. elegans,131,183,False,False
C. elegans,131,184,False,False
C. elegans,131,185,False,False
C. elegans,131,133,False,True
C. elegans,131,132,False,True
C. elegans,132,278,False,True
C. elegans,132,133,False,True
C. elegans,132,267,False,True
C. elegans,132,269,False,True
C. elegans,132,271,False,True
C. elegans,132,273,False,True
C. elegans,132,277,False,True
C. elegans,132,162,False,False
C. elegans,132,138,False,True
C. elegans,132,188,False,False
C. elegans,132,190,False,False
C. elegans,132,196,False,True
C. elegans,132,197,False,False
C. elegans,132,220,False,False
C. elegans,132,221,False,False
C. elegans,133,277,False,True
C. elegans,133,267,False,True
C. elegans,133,269,False,True
C. elegans,133,271,False,True
C. elegans,133,273,False,True
C. elegans,133,278,False,True
C. elegans,133,162,False,False
C. elegans,133,139,False,True
C. elegans,133,188,False,False
C. elegans,133,190,False,False
C. elegans,133,196,False,True
C. elegans,133,197,False,False
C. elegans,133,220,False,False
C. elegans,133,221,False,False
C. elegans,134,231,False,True
C. elegans,134,291,False,True
C. elegans,134,156,False,True
C. elegans,134,189,False,True
C. elegans,134,236,False,True
C. elegans,135,278,False,False
C. elegans,135,276,False,True
C. elegans,135,259,False,True
C. elegans,135,261,False,True
C. elegans,135,219,False,True
C. elegans,135,193,False,False
C. elegans,136,277,False,False
C. elegans,136,260,False,True
C. elegans,136,262,False,True
C. elegans,136,219,False,True
C. elegans,136,274,False,True
C. elegans,136,190,False,False
C. elegans,137,242,False,False
C. elegans,137,268,False,False
C. elegans,137,269,False,False
C. elegans,137,277,False,False
C. elegans,137,278,False,False
C. elegans,137,157,False,False
C. elegans,137,253,False,False
C. elegans,137,286,False,False
C. elegans,137,145,False,False
C. elegans,137,156,False,False
C. elegans,138,139,False,True
C. elegans,138,266,False,True
C. elegans,138,270,False,True
C. elegans,138,278,False,True
C. elegans,139,267,False,True
C. elegans,139,271,False,True
C. elegans,139,277,False,True
C. elegans,140,267,False,True
C. elegans,140,266,False,True
C. elegans,140,268,False,True
C. elegans,140,269,False,True
C. elegans,140,270,False,True
C. elegans,140,271,False,True
C. elegans,140,155,False,False
C. elegans,140,194,False,False
C. elegans,140,203,False,False
C. elegans,140,220,False,False
C. elegans,140,161,False,False
C. elegans,141,267,False,True
C. elegans,141,272,False,True
C. elegans,141,273,False,True
C. elegans,141,266,False,True
C. elegans,141,150,False,True
C. elegans,141,220,False,False
C. elegans,142,267,False,True
C. elegans,142,272,False,True
C. elegans,142,273,False,True
C. elegans,142,266,False,True
C. elegans,142,268,False,True
C. elegans,142,269,False,True
C. elegans,142,151,False,True
C. elegans,142,196,False,True
C. elegans,142,220,False,False
C. elegans,143,267,False,True
C. elegans,143,266,False,True
C. elegans,143,268,False,True
C. elegans,143,269,False,True
C. elegans,143,270,False,True
C. elegans,143,271,False,True
C. elegans,143,196,False,True
C. elegans,143,197,False,False
C. elegans,143,220,False,False
C. elegans,143,157,False,False
C. elegans,144,267,False,False
C. elegans,144,266,False,False
C. elegans,144,268,False,False
C. elegans,144,269,False,False
C. elegans,144,270,False,False
C. elegans,144,271,False,False
C. elegans,144,152,False,True
C. elegans,144,197,False,True
C. elegans,144,198,False,True
C. elegans,144,220,False,True
C. elegans,144,158,False,True
C. elegans,145,214,False,True
C. elegans,145,239,False,False
C. elegans,145,286,False,True
C. elegans,145,222,False,True
C. elegans,145,242,False,True
C. elegans,145,204,False,True
C. elegans,145,232,False,True
C. elegans,145,255,False,False
C. elegans,146,267,False,False
C. elegans,146,266,False,False
C. elegans,146,268,False,False
C. elegans,146,269,False,False
C. elegans,146,153,False,True
C. elegans,146,198,False,True
C. elegans,146,199,False,True
C. elegans,146,220,False,True
C. elegans,146,158,False,True
C. elegans,147,159,False,True
C. elegans,147,199,False,True
C. elegans,147,201,False,True
C. elegans,147,220,False,True
C. elegans,148,159,False,True
C. elegans,148,154,False,True
C. elegans,148,201,False,True
C. elegans,148,202,False,True
C. elegans,148,220,False,True
C. elegans,149,202,False,True
C. elegans,149,203,False,True
C. elegans,149,220,False,True
C. elegans,149,160,False,True
C. elegans,150,267,False,True
C. elegans,150,272,False,True
C. elegans,150,273,False,True
C. elegans,150,266,False,True
C. elegans,150,270,False,True
C. elegans,150,271,False,True
C. elegans,150,196,False,True
C. elegans,150,220,False,False
C. elegans,151,267,False,True
C. elegans,151,272,False,True
C. elegans,151,273,False,True
C. elegans,151,266,False,True
C. elegans,151,270,False,True
C. elegans,151,271,False,True
C. elegans,151,152,False,False
C. elegans,151,162,False,False
C. elegans,151,196,False,True
C. elegans,151,197,False,False
C. elegans,151,220,False,False
C. elegans,152,267,False,False
C. elegans,152,272,False,False
C. elegans,152,273,False,False
C. elegans,152,266,False,False
C. elegans,152,270,False,False
C. elegans,152,271,False,False
C. elegans,152,153,False,True
C. elegans,152,163,False,True
C. elegans,152,197,False,True
C. elegans,152,198,False,True
C. elegans,152,199,False,True
C. elegans,152,220,False,True
C. elegans,153,267,False,False
C. elegans,153,266,False,False
C. elegans,153,268,False,False
C. elegans,153,269,False,False
C. elegans,153,270,False,False
C. elegans,153,271,False,False
C. elegans,153,154,False,True
C. elegans,153,164,False,True
C. elegans,153,199,False,True
C. elegans,153,201,False,True
C. elegans,153,220,False,True
C. elegans,154,267,False,False
C. elegans,154,266,False,False
C. elegans,154,155,False,True
C. elegans,154,164,False,True
C. elegans,154,202,False,True
C. elegans,154,203,False,True
C. elegans,154,220,False,True
C. elegans,155,267,False,False
C. elegans,155,266,False,False
C. elegans,155,194,False,True
C. elegans,155,195,False,True
C. elegans,155,220,False,True
C. elegans,155,165,False,True
C. elegans,156,231,False,True
C. elegans,156,223,False,True
C. elegans,156,253,False,True
C. elegans,156,236,False,True
C. elegans,156,215,False,True
C. elegans,157,267,False,False
C. elegans,157,272,False,False
C. elegans,157,273,False,False
C. elegans,157,266,False,False
C. elegans,157,162,False,True
C. elegans,157,163,False,True
C. elegans,157,196,False,False
C. elegans,157,197,False,True
C. elegans,157,198,False,True
C. elegans,157,199,False,True
C. elegans,157,220,False,True
C. elegans,158,270,False,False
C. elegans,158,271,False,False
C. elegans,158,163,False,True
C. elegans,158,164,False,True
C. elegans,158,197,False,True
C. elegans,158,198,False,True
C. elegans,158,199,False,True
C. elegans,158,201,False,True
C. elegans,158,220,False,True
C. elegans,159,267,False,False
C. elegans,159,266,False,False
C. elegans,159,164,False,True
C. elegans,159,165,False,True
C. elegans,159,198,False,True
C. elegans,159,199,False,True
C. elegans,159,201,False,True
C. elegans,159,202,False,True
C. elegans,159,220,False,True
C. elegans,160,165,False,True
C. elegans,160,199,False,True
C. elegans,160,201,False,True
C. elegans,160,202,False,True
C. elegans,160,203,False,True
C. elegans,160,220,False,True
C. elegans,161,194,False,True
C. elegans,161,195,False,True
C. elegans,161,202,False,True
C. elegans,161,203,False,True
C. elegans,161,220,False,True
C. elegans,162,170,False,False
C. elegans,162,171,False,False
C. elegans,162,196,False,False
C. elegans,162,197,False,True
C. elegans,162,220,False,True
C. elegans,162,188,False,True
C. elegans,162,190,False,True
C. elegans,162,180,False,True
C. elegans,162,181,False,True
C. elegans,162,193,False,True
C. elegans,163,172,False,True
C. elegans,163,173,False,True
C. elegans,163,190,False,True
C. elegans,163,181,False,True
C. elegans,163,182,False,True
C. elegans,163,183,False,True
C. elegans,163,198,False,True
C. elegans,163,199,False,True
C. elegans,163,220,False,True
C. elegans,163,193,False,True
C. elegans,164,174,False,True
C. elegans,164,190,False,True
C. elegans,164,183,False,True
C. elegans,164,184,False,True
C. elegans,164,185,False,True
C. elegans,164,201,False,True
C. elegans,164,202,False,True
C. elegans,164,220,False,True
C. elegans,164,175,False,True
C. elegans,164,191,False,False
C. elegans,164,193,False,True
C. elegans,165,166,False,False
C. elegans,165,176,False,True
C. elegans,165,185,False,True
C. elegans,165,194,False,True
C. elegans,165,203,False,True
C. elegans,165,220,False,True
C. elegans,165,177,False,True
C. elegans,165,186,False,True
C. elegans,165,193,False,True
C. elegans,166,267,False,True
C. elegans,166,266,False,True
C. elegans,166,268,False,True
C. elegans,166,269,False,True
C. elegans,166,168,False,True
C. elegans,166,220,False,False
C. elegans,166,176,False,False
C. elegans,167,288,False,True
C. elegans,167,289,False,True
C. elegans,167,220,False,False
C. elegans,167,215,False,True
C. elegans,167,234,False,False
C. elegans,168,267,False,True
C. elegans,168,266,False,True
C. elegans,168,270,False,True
C. elegans,168,271,False,True
C. elegans,168,194,False,False
C. elegans,168,195,False,False
C. elegans,168,220,False,False
C. elegans,169,267,False,False
C. elegans,169,272,False,False
C. elegans,169,273,False,False
C. elegans,169,266,False,False
C. elegans,169,270,False,False
C. elegans,169,271,False,False
C. elegans,169,170,False,False
C. elegans,169,220,False,True
C. elegans,170,267,False,True
C. elegans,170,272,False,True
C. elegans,170,273,False,True
C. elegans,170,266,False,True
C. elegans,170,270,False,True
C. elegans,170,271,False,True
C. elegans,170,171,False,True
C. elegans,170,196,False,True
C. elegans,170,220,False,False
C. elegans,171,267,False,True
C. elegans,171,272,False,True
C. elegans,171,273,False,True
C. elegans,171,266,False,True
C. elegans,171,268,False,True
C. elegans,171,269,False,True
C. elegans,171,172,False,False
C. elegans,171,197,False,False
C. elegans,171,220,False,False
C. elegans,172,267,False,False
C. elegans,172,266,False,False
C. elegans,172,270,False,False
C. elegans,172,271,False,False
C. elegans,172,173,False,True
C. elegans,172,197,False,True
C. elegans,172,198,False,True
C. elegans,172,220,False,True
C. elegans,173,267,False,False
C. elegans,173,272,False,False
C. elegans,173,273,False,False
C. elegans,173,266,False,False
C. elegans,173,270,False,False
C. elegans,173,271,False,False
C. elegans,173,174,False,True
C. elegans,173,220,False,True
C. elegans,174,268,False,False
C. elegans,174,269,False,False
C. elegans,174,175,False,True
C. elegans,174,199,False,True
C. elegans,174,201,False,True
C. elegans,174,220,False,True
C. elegans,175,176,False,True
C. elegans,175,220,False,True
C. elegans,176,202,False,True
C. elegans,176,203,False,True
C. elegans,176,220,False,True
C. elegans,177,220,False,True
C. elegans,178,222,False,True
C. elegans,178,275,False,True
C. elegans,178,220,False,False
C. elegans,178,204,False,True
C. elegans,179,220,False,True
C. elegans,180,220,False,True
C. elegans,181,220,False,True
C. elegans,182,220,False,True
C. elegans,183,220,False,True
C. elegans,184,220,False,True
C. elegans,185,220,False,True
C. elegans,186,220,False,True
C. elegans,187,190,False,True
C. elegans,187,188,False,True
C. elegans,187,220,False,True
C. elegans,188,197,False,True
C. elegans,188,220,False,True
C. elegans,188,190,False,True
C. elegans,189,222,False,True
C. elegans,189,223,False,True
C. elegans,189,264,False,True
C. elegans,189,220,False,False
C. elegans,189,215,False,True
C. elegans,190,192,False,False
C. elegans,190,191,False,False
C. elegans,190,196,False,False
C. elegans,190,197,False,True
C. elegans,190,198,False,True
C. elegans,190,199,False,True
C. elegans,190,201,False,True
C. elegans,190,220,False,True
C. elegans,191,192,False,True
C. elegans,191,220,False,False
C. elegans,192,220,False,False
C. elegans,192,193,False,False
C. elegans,193,194,False,True
C. elegans,193,195,False,True
C. elegans,193,201,False,True
C. elegans,193,202,False,True
C. elegans,193,203,False,True
C. elegans,193,220,False,True
C. elegans,194,220,False,True
C. elegans,195,220,False,True
C. elegans,196,272,False,True
C. elegans,196,273,False,True
C. elegans,196,268,False,True
C. elegans,196,269,False,True
C. elegans,196,220,False,False
C. elegans,197,220,False,True
C. elegans,198,220,False,True
C. elegans,199,220,False,True
C. elegans,200,222,False,True
C. elegans,200,223,False,True
C. elegans,200,220,False,False
C. elegans,200,295,False,True
C. elegans,201,220,False,True
C. elegans,202,220,False,True
C. elegans,203,220,False,True
C. elegans,204,242,False,True
C. elegans,204,220,False,False
C. elegans,204,232,False,True
C. elegans,205,220,True,True
C. elegans,206,220,True,True
C. elegans,207,220,True,True
C. elegans,208,220,True,True
C. elegans,209,220,True,True
C. elegans,210,220,True,True
C. elegans,211,220,True,True
C. elegans,212,220,True,True
C. elegans,213,220,True,True
C. elegans,214,239,False,False
C. elegans,214,273,False,False
C. elegans,214,286,False,True
C. elegans,214,290,False,True
C. elegans,214,291,False,True
C. elegans,214,222,False,True
C. elegans,215,233,False,True
C. elegans,215,227,False,True
C. elegans,215,220,False,False
C. elegans,216,220,True,True
C. elegans,217,221,True,True
C. elegans,218,221,True,True
C. elegans,219,231,False,False
C. elegans,219,230,False,True
C. elegans,219,247,False,True
C. elegans,219,246,False,True
C. elegans,220,286,False,False
C. elegans,220,222,False,False
C. elegans,220,294,False,False
C. elegans,220,223,False,False
C. elegans,220,242,False,False
C. elegans,220,264,False,False
C. elegans,220,253,False,False
C. elegans,220,296,False,False
C. elegans,220,275,False,False
C. elegans,220,234,False,False
C. elegans,220,293,False,False
C. elegans,220,292,False,False
C. elegans,220,295,False,False
C. elegans,221,268,False,False
C. elegans,221,269,False,False
C. elegans,223,231,False,True
C. elegans,223,275,False,True
C. elegans,224,232,False,True
C. elegans,224,268,False,False
C. elegans,224,264,False,True
C. elegans,224,291,False,True
C. elegans,224,235,False,True
C. elegans,225,233,False,True
C. elegans,225,269,False,False
C. elegans,225,275,False,True
C. elegans,225,291,False,True
C. elegans,225,296,False,True
C. elegans,225,236,False,True
C. elegans,226,232,False,True
C. elegans,226,273,False,False
C. elegans,226,288,False,True
C. elegans,227,233,False,True
C. elegans,227,272,False,False
C. elegans,227,273,False,False
C. elegans,227,289,False,True
C. elegans,228,286,False,True
C. elegans,228,269,False,False
C. elegans,228,273,False,False
C. elegans,228,285,False,True
C. elegans,228,288,False,True
C. elegans,229,266,False,False
C. elegans,229,272,False,False
C. elegans,229,287,False,True
C. elegans,229,289,False,True
C. elegans,230,239,False,True
C. elegans,230,272,False,False
C. elegans,230,273,False,False
C. elegans,231,287,False,True
C. elegans,231,254,False,False
C. elegans,231,272,False,False
C. elegans,231,290,False,True
C. elegans,231,291,False,True
C. elegans,231,294,False,True
C. elegans,232,273,False,False
C. elegans,232,242,False,True
C. elegans,232,264,False,True
C. elegans,232,288,False,True
C. elegans,232,290,False,True
C. elegans,232,291,False,True
C. elegans,233,272,False,False
C. elegans,233,253,False,True
C. elegans,233,275,False,True
C. elegans,233,289,False,True
C. elegans,233,290,False,True
C. elegans,233,291,False,True
C. elegans,234,247,False,False
C. elegans,235,263,False,True
C. elegans,235,268,False,False
C. elegans,235,272,False,False
C. elegans,235,278,False,False
C. elegans,235,285,False,True
C. elegans,235,290,False,True
C. elegans,236,275,False,True
C. elegans,236,265,False,False
C. elegans,236,268,False,False
C. elegans,236,269,False,False
C. elegans,236,273,False,False
C. elegans,236,287,False,True
C. elegans,236,291,False,True
C. elegans,236,238,False,False
C. elegans,237,248,False,True
C. elegans,237,263,False,False
C. elegans,237,285,False,False
C. elegans,237,255,False,True
C. elegans,237,281,False,True
C. elegans,238,249,False,True
C. elegans,238,256,False,False
C. elegans,238,265,False,True
C. elegans,238,282,False,True
C. elegans,238,287,False,False
C. elegans,238,250,False,True
C. elegans,238,280,False,True
C. elegans,238,274,False,True
C. elegans,239,266,False,False
C. elegans,239,244,False,True
C. elegans,239,245,False,True
C. elegans,239,251,False,True
C. elegans,239,255,False,True
C. elegans,239,267,False,False
C. elegans,239,268,False,False
C. elegans,239,270,False,False
C. elegans,239,271,False,False
C. elegans,239,277,False,False
C. elegans,239,278,False,False
C. elegans,239,281,False,True
C. elegans,240,245,False,False
C. elegans,240,251,False,False
C. elegans,240,256,False,True
C. elegans,240,267,False,True
C. elegans,240,268,False,True
C. elegans,240,269,False,True
C. elegans,240,270,False,True
C. elegans,240,271,False,True
C. elegans,240,276,False,False
C. elegans,240,278,False,True
C. elegans,240,284,False,False
C. elegans,240,290,False,False
C. elegans,240,291,False,False
C. elegans,241,251,False,True
C. elegans,241,247,False,True
C. elegans,241,279,False,True
C. elegans,242,264,False,True
C. elegans,243,251,False,True
C. elegans,243,246,False,True
C. elegans,243,280,False,True
C. elegans,244,251,False,True
C. elegans,244,266,False,False
C. elegans,244,268,False,False
C. elegans,244,289,False,False
C. elegans,244,293,False,True
C. elegans,244,248,False,True
C. elegans,244,249,False,True
C. elegans,244,255,False,True
C. elegans,244,284,False,True
C. elegans,244,247,False,True
C. elegans,244,250,False,True
C. elegans,244,257,False,True
C. elegans,244,283,False,True
C. elegans,244,252,False,True
C. elegans,244,261,False,True
C. elegans,245,288,False,False
C. elegans,245,254,False,True
C. elegans,245,248,False,True
C. elegans,245,249,False,True
C. elegans,245,256,False,False
C. elegans,245,267,False,False
C. elegans,245,269,False,False
C. elegans,245,272,False,False
C. elegans,245,285,False,False
C. elegans,245,292,False,True
C. elegans,245,293,False,True
C. elegans,245,251,False,True
C. elegans,245,281,False,True
C. elegans,245,284,False,True
C. elegans,245,250,False,True
C. elegans,245,283,False,True
C. elegans,245,262,False,True
C. elegans,246,250,False,True
C. elegans,246,254,False,True
C. elegans,246,265,False,True
C. elegans,246,288,False,False
C. elegans,246,289,False,False
C. elegans,247,251,False,True
C. elegans,247,288,False,False
C. elegans,247,252,False,True
C. elegans,248,250,False,True
C. elegans,248,257,False,True
C. elegans,248,273,False,False
C. elegans,248,285,False,False
C. elegans,248,292,False,True
C. elegans,248,281,False,True
C. elegans,248,279,False,True
C. elegans,249,272,False,False
C. elegans,249,273,False,False
C. elegans,249,287,False,False
C. elegans,249,293,False,True
C. elegans,249,282,False,True
C. elegans,249,280,False,True
C. elegans,250,283,False,True
C. elegans,250,284,False,True
C. elegans,250,287,False,False
C. elegans,250,257,False,True
C. elegans,250,280,False,True
C. elegans,250,258,False,True
C. elegans,250,279,False,True
C. elegans,251,280,False,True
C. elegans,251,283,False,True
C. elegans,251,284,False,True
C. elegans,251,257,False,True
C. elegans,252,261,False,True
C. elegans,252,279,False,True
C. elegans,253,275,False,True
C. elegans,254,282,False,True
C. elegans,255,261,False,True
C. elegans,255,266,False,False
C. elegans,255,268,False,False
C. elegans,255,270,False,False
C. elegans,255,271,False,False
C. elegans,255,285,False,False
C. elegans,255,292,False,True
C. elegans,256,267,False,True
C. elegans,256,269,False,True
C. elegans,256,270,False,True
C. elegans,256,271,False,True
C. elegans,256,273,False,True
C. elegans,256,287,False,False
C. elegans,256,258,False,False
C. elegans,257,261,False,True
C. elegans,257,283,False,True
C. elegans,257,284,False,True
C. elegans,258,283,False,True
C. elegans,258,284,False,True
C. elegans,259,261,False,True
C. elegans,260,262,False,True
C. elegans,262,280,False,True
C. elegans,263,266,False,False
C. elegans,263,271,False,False
C. elegans,263,272,False,False
C. elegans,263,285,False,True
C. elegans,263,288,False,True
C. elegans,264,286,False,True
C. elegans,264,273,False,False
C. elegans,264,296,False,True
C. elegans,265,267,False,False
C. elegans,265,273,False,False
C. elegans,265,287,False,False
C. elegans,265,289,False,False
C. elegans,266,267,False,True
C. elegans,266,272,False,True
C. elegans,266,268,False,True
C. elegans,266,270,False,True
C. elegans,266,288,False,False
C. elegans,266,290,False,False
C. elegans,266,291,False,False
C. elegans,266,269,False,True
C. elegans,266,277,False,True
C. elegans,266,293,False,False
C. elegans,266,292,False,False
C. elegans,266,283,False,False
C. elegans,267,269,False,True
C. elegans,267,271,False,True
C. elegans,267,273,False,True
C. elegans,267,289,False,False
C. elegans,267,290,False,False
C. elegans,267,291,False,False
C. elegans,267,268,False,True
C. elegans,267,278,False,True
C. elegans,268,269,False,True
C. elegans,268,271,False,True
C. elegans,268,273,False,True
C. elegans,268,278,False,True
C. elegans,268,270,False,True
C. elegans,268,277,False,True
C. elegans,268,281,False,False
C. elegans,268,276,False,False
C. elegans,268,293,False,False
C. elegans,268,292,False,False
C. elegans,269,288,False,False
C. elegans,269,270,False,True
C. elegans,269,272,False,True
C. elegans,269,278,False,True
C. elegans,269,282,False,False
C. elegans,269,271,False,True
C. elegans,269,277,False,True
C. elegans,269,293,False,False
C. elegans,269,292,False,False
C. elegans,269,274,False,False
C. elegans,270,272,False,True
C. elegans,270,271,False,True
C. elegans,270,277,False,True
C. elegans,270,274,False,False
C. elegans,271,273,False,True
C. elegans,271,288,False,False
C. elegans,271,278,False,True
C. elegans,271,276,False,False
C. elegans,272,289,False,False
C. elegans,272,288,False,False
C. elegans,272,275,False,False
C. elegans,272,278,False,True
C. elegans,273,288,False,False
C. elegans,273,277,False,True
C. elegans,274,278,False,False
C. elegans,274,276,False,True
C. elegans,274,277,False,False
C. elegans,274,282,False,True
C. elegans,274,293,False,True
C. elegans,275,287,False,True
C. elegans,275,296,False,True
C. elegans,276,277,False,False
C. elegans,276,278,False,False
C. elegans,277,278,False,True
C. elegans,277,293,False,False
C. elegans,279,281,False,True
C. elegans,280,282,False,True
C. elegans,281,285,False,False
C. elegans,282,287,False,False
C. elegans,283,284,False,True
C. elegans,283,285,False,False
C. elegans,285,287,False,True
C. elegans,285,294,False,True
C. elegans,285,295,False,True
C. elegans,285,296,False,True
C. elegans,285,288,False,True
C. elegans,287,294,False,True
C. elegans,287,296,False,True
C. elegans,287,289,False,True
C. elegans,287,295,False,True
C. elegans,288,292,False,False
C. elegans,289,293,False,False
C. elegans,290,292,False,False
C. elegans,290,293,False,False
C. elegans,290,295,False,True
C. elegans,292,296,False,False
C. elegans,293,296,False,False
C. elegans,294,296,False,True
