mechanism,fraction,seed,signature_distance,n,m,density,mean_degree,degree_cv,degree_gini,degree_q25,degree_q50,degree_q75,degree_q95,clustering_mean,clustering_q25,clustering_q50,clustering_q75,transitivity,triangles,components,largest_component_fraction,isolate_fraction,bridges,bridge_fraction,articulation_fraction,core_max,core_mean,communities,modularity,largest_community_fraction,community_gini,assortativity,betweenness_mean,betweenness_q95
Uniform,0.0,0,0.0,300,1249,0.027848383500557412,8.326666666666666,0.32254883943668544,0.181056845476381,6.75,8.0,10.0,13.0,0.0466519869019869,0.0,0.03571428571428571,0.06666666666666667,0.046907065376722366,160,1,1.0,0.0,2,0.0016012810248198558,0.006666666666666667,6.0,5.586666666666667,4,0.49513077235206904,0.25666666666666665,0.01333333333333342,-0.01958416701860475,0.006777681738989988,0.01914377333376024
Uniform,0.0,1,0.0,300,1249,0.027848383500557412,8.326666666666666,0.32254883943668544,0.181056845476381,6.75,8.0,10.0,13.0,0.0466519869019869,0.0,0.03571428571428571,0.06666666666666667,0.046907065376722366,160,1,1.0,0.0,2,0.0016012810248198558,0.006666666666666667,6.0,5.586666666666667,4,0.49513077235206904,0.25666666666666665,0.01333333333333342,-0.01958416701860475,0.006777681738989988,0.01914377333376024
Uniform,0.0,2,0.0,300,1249,0.027848383500557412,8.326666666666666,0.32254883943668544,0.181056845476381,6.75,8.0,10.0,13.0,0.0466519869019869,0.0,0.03571428571428571,0.06666666666666667,0.046907065376722366,160,1,1.0,0.0,2,0.0016012810248198558,0.006666666666666667,6.0,5.586666666666667,4,0.49513077235206904,0.25666666666666665,0.01333333333333342,-0.01958416701860475,0.006777681738989988,0.01914377333376024
Uniform,0.0,3,0.0,300,1249,0.027848383500557412,8.326666666666666,0.32254883943668544,0.181056845476381,6.75,8.0,10.0,13.0,0.0466519869019869,0.0,0.03571428571428571,0.06666666666666667,0.046907065376722366,160,1,1.0,0.0,2,0.0016012810248198558,0.006666666666666667,6.0,5.586666666666667,4,0.49513077235206904,0.25666666666666665,0.01333333333333342,-0.01958416701860475,0.006777681738989988,0.01914377333376024
Uniform,0.0,4,0.0,300,1249,0.027848383500557412,8.326666666666666,0.32254883943668544,0.181056845476381,6.75,8.0,10.0,13.0,0.0466519869019869,0.0,0.03571428571428571,0.06666666666666667,0.046907065376722366,160,1,1.0,0.0,2,0.0016012810248198558,0.006666666666666667,6.0,5.586666666666667,4,0.49513077235206904,0.25666666666666665,0.01333333333333342,-0.01958416701860475,0.006777681738989988,0.01914377333376024
Uniform,0.0,5,0.0,300,1249,0.027848383500557412,8.326666666666666,0.32254883943668544,0.181056845476381,6.75,8.0,10.0,13.0,0.0466519869019869,0.0,0.03571428571428571,0.06666666666666667,0.046907065376722366,160,1,1.0,0.0,2,0.0016012810248198558,0.006666666666666667,6.0,5.586666666666667,4,0.49513077235206904,0.25666666666666665,0.01333333333333342,-0.01958416701860475,0.006777681738989988,0.01914377333376024
Uniform,0.0,6,0.0,300,1249,0.027848383500557412,8.326666666666666,0.32254883943668544,0.181056845476381,6.75,8.0,10.0,13.0,0.0466519869019869,0.0,0.03571428571428571,0.06666666666666667,0.046907065376722366,160,1,1.0,0.0,2,0.0016012810248198558,0.006666666666666667,6.0,5.586666666666667,4,0.49513077235206904,0.25666666666666665,0.01333333333333342,-0.01958416701860475,0.006777681738989988,0.01914377333376024
Uniform,0.0,7,0.0,300,1249,0.027848383500557412,8.326666666666666,0.32254883943668544,0.181056845476381,6.75,8.0,10.0,13.0,0.0466519869019869,0.0,0.03571428571428571,0.06666666666666667,0.046907065376722366,160,1,1.0,0.0,2,0.0016012810248198558,0.006666666666666667,6.0,5.586666666666667,4,0.49513077235206904,0.25666666666666665,0.01333333333333342,-0.01958416701860475,0.006777681738989988,0.01914377333376024
Uniform,0.0,8,0.0,300,1249,0.027848383500557412,8.326666666666666,0.32254883943668544,0.181056845476381,6.75,8.0,10.0,13.0,0.0466519869019869,0.0,0.03571428571428571,0.06666666666666667,0.046907065376722366,160,1,1.0,0.0,2,0.0016012810248198558,0.006666666666666667,6.0,5.586666666666667,4,0.49513077235206904,0.25666666666666665,0.01333333333333342,-0.01958416701860475,0.006777681738989988,0.01914377333376024
Uniform,0.0,9,0.0,300,1249,0.027848383500557412,8.326666666666666,0.32254883943668544,0.181056845476381,6.75,8.0,10.0,13.0,0.0466519869019869,0.0,0.03571428571428571,0.06666666666666667,0.046907065376722366,160,1,1.0,0.0,2,0.0016012810248198558,0.006666666666666667,6.0,5.586666666666667,4,0.49513077235206904,0.25666666666666665,0.01333333333333342,-0.01958416701860475,0.006777681738989988,0.01914377333376024
Uniform,0.0,10,0.0,300,1249,0.027848383500557412,8.326666666666666,0.32254883943668544,0.181056845476381,6.75,8.0,10.0,13.0,0.0466519869019869,0.0,0.03571428571428571,0.06666666666666667,0.046907065376722366,160,1,1.0,0.0,2,0.0016012810248198558,0.006666666666666667,6.0,5.586666666666667,4,0.49513077235206904,0.25666666666666665,0.01333333333333342,-0.01958416701860475,0.006777681738989988,0.01914377333376024
Uniform,0.0,11,0.0,300,1249,0.027848383500557412,8.326666666666666,0.32254883943668544,0.181056845476381,6.75,8.0,10.0,13.0,0.0466519869019869,0.0,0.03571428571428571,0.06666666666666667,0.046907065376722366,160,1,1.0,0.0,2,0.0016012810248198558,0.006666666666666667,6.0,5.586666666666667,4,0.49513077235206904,0.25666666666666665,0.01333333333333342,-0.01958416701860475,0.006777681738989988,0.01914377333376024
Uniform,0.05,0,2.0809715001240847,300,1187,0.026465997770345598,7.913333333333333,0.3301551123449153,0.18534962089300744,6.0,8.0,9.25,12.0,0.043287120287120284,0.0,0.03571428571428571,0.06666666666666667,0.04420368364030336,136,1,1.0,0.0,2,0.0016849199663016006,0.006666666666666667,5.0,4.82,4,0.4712428023611591,0.27666666666666667,0.03333333333333344,-0.020102289781504044,0.007006012634254136,0.019864058729188647
Uniform,0.05,1,2.0652896415130124,300,1187,0.026465997770345598,7.913333333333333,0.3312817893755324,0.18572591968548147,6.0,8.0,10.0,12.050000000000011,0.04443172568172568,0.0,0.03571428571428571,0.06666666666666667,0.04481974667099708,138,1,1.0,0.0,2,0.0016849199663016006,0.006666666666666667,5.0,4.803333333333334,4,0.4774239177724989,0.2966666666666667,0.05666666666666664,-0.024034112685331652,0.006993395862046218,0.01846720872846429
Uniform,0.05,2,1.8648961476017076,300,1187,0.026465997770345598,7.913333333333333,0.32805244626770164,0.18468969390620615,6.0,8.0,10.0,12.0,0.04626031376031376,0.0,0.03571428571428571,0.06666666666666667,0.04589345774113052,141,1,1.0,0.0,2,0.0016849199663016006,0.006666666666666667,5.0,4.816666666666666,4,0.47453279667615117,0.25666666666666665,0.014999999999999902,-0.013376106628736764,0.006960138574994043,0.019518918150314233
Uniform,0.05,3,4.566122683066625,300,1187,0.026465997770345598,7.913333333333333,0.32248835560970257,0.18039876439202462,6.0,8.0,9.0,12.0,0.04369181744181744,0.0,0.03571428571428571,0.06666666666666667,0.0437765436131983,134,2,0.9966666666666667,0.0033333333333333335,1,0.0008424599831508003,0.0033333333333333335,5.0,4.82,6,0.4898390241375077,0.26,0.3355555555555554,-0.024038424926158285,0.0069457538429570555,0.01886002456012505
Uniform,0.05,4,1.8791633179535858,300,1187,0.026465997770345598,7.913333333333333,0.33575069177790007,0.18887672002246547,6.0,8.0,10.0,13.0,0.04349304399304399,0.0,0.03571428571428571,0.06666666666666667,0.04338909875876956,134,1,1.0,0.0,2,0.0016849199663016006,0.006666666666666667,5.0,4.78,4,0.4915785939931965,0.25666666666666665,0.014999999999999902,-0.019289912595569756,0.006975144332887191,0.019112148007262682
Uniform,0.05,5,2.192321296923256,300,1187,0.026465997770345598,7.913333333333333,0.329509567256487,0.18487784330244317,6.0,8.0,9.0,12.050000000000011,0.04302939652939653,0.0,0.03571428571428571,0.06666666666666667,0.043897680468241926,135,1,1.0,0.0,2,0.0016849199663016006,0.006666666666666667,5.0,4.81,4,0.45425520362761707,0.27,0.02499999999999991,-0.02164858214502856,0.006987277072398122,0.018778022083866194
Uniform,0.05,6,1.8619077342116845,300,1187,0.026465997770345598,7.913333333333333,0.32918631998701625,0.1842319573153608,6.0,8.0,10.0,13.0,0.04376056351056351,0.0,0.03571428571428571,0.06666666666666667,0.04358196010407632,134,1,1.0,0.0,2,0.0016849199663016006,0.006666666666666667,5.0,4.803333333333334,4,0.4686721283434909,0.25666666666666665,0.008333333333333304,-0.009422783405336074,0.006985973431868005,0.020337294939370813
Uniform,0.05,7,2.845912497922587,300,1187,0.026465997770345598,7.913333333333333,0.3306384440411132,0.18506599269867996,6.0,8.0,10.0,13.0,0.04551833351833352,0.0,0.03571428571428571,0.06785714285714285,0.04613884977797032,142,1,1.0,0.0,2,0.0016849199663016006,0.006666666666666667,5.0,4.82,5,0.492416795543408,0.25333333333333335,0.19733333333333336,-0.029959960875843714,0.007019241537362424,0.01848887230618537
Uniform,0.05,8,2.16714340950263,300,1187,0.026465997770345598,7.913333333333333,0.3347980915245024,0.18797809604043803,6.0,8.0,9.0,13.0,0.043524679024679026,0.0,0.03571428571428571,0.06666666666666667,0.043417215682039094,134,1,1.0,0.0,2,0.0016849199663016006,0.006666666666666667,5.0,4.796666666666667,4,0.49519329381980726,0.25333333333333335,0.004999999999999893,-0.016880497083405343,0.006986869179432159,0.019565049662901218
Uniform,0.05,9,1.8931384738770147,300,1187,0.026465997770345598,7.913333333333333,0.3301551123449153,0.1855939342881212,6.0,8.0,10.0,12.050000000000011,0.04313870388870389,0.0,0.03571428571428571,0.06666666666666667,0.04322860238353196,133,1,1.0,0.0,2,0.0016849199663016006,0.006666666666666667,5.0,4.806666666666667,4,0.4872942555868866,0.27,0.02833333333333332,-0.009635744119660523,0.006972370609834462,0.018629433129728507
Uniform,0.05,10,1.8710168259272382,300,1187,0.026465997770345598,7.913333333333333,0.33749014220808843,0.18906486941870249,6.0,8.0,10.0,13.0,0.043970714470714475,0.0,0.03571428571428571,0.06666666666666667,0.04463130659767141,138,1,1.0,0.0,2,0.0016849199663016006,0.006666666666666667,5.0,4.796666666666667,4,0.4820350909068972,0.26,0.023333333333333428,-0.004938727841394155,0.007042027533389327,0.018074141933904535
Uniform,0.05,11,2.0427092703151044,300,1187,0.026465997770345598,7.913333333333333,0.3322444716059908,0.18614995787700073,6.0,8.0,9.25,12.050000000000011,0.04466237466237467,0.0,0.03571428571428571,0.06666666666666667,0.04543979227523531,140,1,1.0,0.0,2,0.0016849199663016006,0.006666666666666667,5.0,4.81,4,0.49139370702975016,0.25666666666666665,0.018333333333333313,-0.03215773094629384,0.0069766272254209805,0.019861183808372165
Uniform,0.1,0,3.2533024247235627,300,1124,0.025061315496098104,7.493333333333333,0.346545952343846,0.1960083036773428,6.0,7.0,9.0,12.0,0.043039035039035035,0.0,0.027777777777777776,0.06666666666666667,0.04368231046931408,121,1,1.0,0.0,2,0.0017793594306049821,0.006666666666666667,5.0,4.746666666666667,4,0.43930112650549,0.2866666666666667,0.05499999999999994,0.008556743992221175,0.007194635280238358,0.018984781047536915
Uniform,0.1,1,3.79176853380283,300,1124,0.025061315496098104,7.493333333333333,0.33558030130714966,0.1878113879003558,6.0,8.0,9.0,12.0,0.039711982461982466,0.0,0.03163503163503163,0.06060606060606061,0.040378319388868676,111,1,1.0,0.0,2,0.0017793594306049821,0.006666666666666667,5.0,4.753333333333333,5,0.44555104735249046,0.28,0.20399999999999996,-0.036784865983070486,0.007178914841151269,0.01984380073154919
Uniform,0.1,2,3.0930950900094105,300,1124,0.025061315496098104,7.493333333333333,0.34240997225686726,0.1923339264531434,6.0,8.0,9.0,12.0,0.04704282754282754,0.0,0.03571428571428571,0.06666666666666667,0.04525706010137581,125,1,1.0,0.0,3,0.0026690391459074734,0.01,5.0,4.743333333333333,4,0.48834432504654196,0.2733333333333333,0.03333333333333344,-0.032358995741718896,0.007245914363822464,0.020221057849591984
Uniform,0.1,3,4.1318644135615745,300,1124,0.025061315496098104,7.493333333333333,0.3322021645584331,0.18541518386714118,6.0,7.0,9.0,12.0,0.040070448070448066,0.0,0.027777777777777776,0.06666666666666667,0.04083616917841517,112,2,0.9966666666666667,0.0033333333333333335,1,0.0008896797153024911,0.0033333333333333335,5.0,4.756666666666667,5,0.4994653214878231,0.26,0.21066666666666678,-0.015438996654199332,0.00715893211084626,0.020253983400682588
Uniform,0.1,4,4.371201132676786,300,1124,0.025061315496098104,7.493333333333333,0.34396679286714077,0.19305753262158953,6.0,7.0,9.0,12.0,0.03921114071114071,0.0,0.027777777777777776,0.06666666666666667,0.039783001808318265,110,2,0.9966666666666667,0.0033333333333333335,2,0.0017793594306049821,0.006666666666666667,5.0,4.72,5,0.4674055863020985,0.2833333333333333,0.2413333333333334,-0.01780483270077403,0.00716244419070045,0.020642995013858027
Uniform,0.1,5,3.1672982555645683,300,1124,0.025061315496098104,7.493333333333333,0.3373446807334131,0.1904922894424672,6.0,7.0,9.0,12.0,0.03909248159248159,0.0,0.027777777777777776,0.05769230769230769,0.03960276129344798,109,1,1.0,0.0,2,0.0017793594306049821,0.006666666666666667,5.0,4.73,4,0.486441486936589,0.25666666666666665,0.01333333333333342,-0.008842094227487024,0.0072492744711451325,0.02042927091571058
Uniform,0.1,6,3.825611402173385,300,1124,0.025061315496098104,7.493333333333333,0.345516598862724,0.19420225385527878,6.0,7.0,9.0,12.0,0.04138207163207163,0.0,0.030303030303030304,0.06666666666666667,0.04190751445086705,116,1,1.0,0.0,2,0.0017793594306049821,0.006666666666666667,5.0,4.746666666666667,5,0.4711404205873786,0.26,0.19599999999999995,-0.002443267153898448,0.007225476372393912,0.020386878645190575
Uniform,0.1,7,3.2417649601966074,300,1124,0.025061315496098104,7.493333333333333,0.34067182758076353,0.19031435349940673,6.0,8.0,9.0,12.0,0.04418707218707219,0.0,0.03571428571428571,0.06666666666666667,0.04494925084581924,124,1,1.0,0.0,2,0.0017793594306049821,0.006666666666666667,5.0,4.766666666666667,5,0.4613840218588923,0.23666666666666666,0.10933333333333328,-0.05823395319328095,0.007235019704820373,0.018668784632452605
Uniform,0.1,8,3.07133101317342,300,1124,0.025061315496098104,7.493333333333333,0.3485955408182676,0.19571767497034398,6.0,7.5,9.0,12.0,0.038998149998149996,0.0,0.027777777777777776,0.06060606060606061,0.04037490987743331,112,1,1.0,0.0,2,0.0017793594306049821,0.006666666666666667,5.0,4.73,4,0.4831138948341587,0.26,0.014999999999999902,0.002410627196581534,0.007226483762361497,0.019232253197833126
Uniform,0.1,9,3.417089595819354,300,1124,0.025061315496098104,7.493333333333333,0.3357571564758828,0.18912218268090153,6.0,7.0,9.0,12.0,0.04023036223036223,0.0,0.027777777777777776,0.06666666666666667,0.040737148399612025,112,1,1.0,0.0,2,0.0017793594306049821,0.006666666666666667,5.0,4.763333333333334,5,0.462644137612239,0.24,0.1226666666666667,-0.0048220992092476095,0.0072653596489981945,0.019351189815522432
Uniform,0.1,10,3.19619102578468,300,1124,0.025061315496098104,7.493333333333333,0.3479136862511851,0.19518090154211154,6.0,7.0,9.0,12.0,0.04117978317978318,0.0,0.030303030303030304,0.06666666666666667,0.04183698004327963,116,1,1.0,0.0,2,0.0017793594306049821,0.006666666666666667,5.0,4.72,4,0.47858871784805157,0.27,0.036666666666666625,-0.019334346291125248,0.0072612005134092515,0.01960135146227658
Uniform,0.1,11,3.056548518288036,300,1124,0.025061315496098104,7.493333333333333,0.33611058763971824,0.18911328588374854,6.0,7.5,9.0,12.0,0.04366666666666666,0.0,0.030303030303030304,0.06666666666666667,0.04472727272727273,123,1,1.0,0.0,2,0.0017793594306049821,0.006666666666666667,5.0,4.746666666666667,4,0.47914991261508844,0.25666666666666665,0.01333333333333342,-0.03238962253215958,0.007251452944971717,0.020264768298128635
Uniform,0.2,0,6.355614927115368,300,999,0.022274247491638796,6.66,0.3793899438866496,0.21444110777444103,5.0,7.0,8.0,11.0,0.04143428793428793,0.0,0.01818181818181818,0.05555555555555555,0.03856624319419238,85,1,1.0,0.0,3,0.003003003003003003,0.01,4.0,3.816666666666667,5,0.45295295295295296,0.24666666666666667,0.11066666666666669,0.0006254462024737491,0.007713846630883309,0.022055871507245063
Uniform,0.2,1,6.609938870336957,300,999,0.022274247491638796,6.66,0.360289449145884,0.20191524858191512,5.0,7.0,8.0,11.0,0.02919134569134569,0.0,0.0,0.047619047619047616,0.03267873580853022,71,1,1.0,0.0,3,0.003003003003003003,0.01,4.0,3.8333333333333335,6,0.42502612722832944,0.24333333333333335,0.1977777777777776,-0.027376354901344317,0.00781678597671084,0.0198440815501371
Uniform,0.2,2,6.3656906506733195,300,999,0.022274247491638796,6.66,0.3697597975625245,0.20816483149816478,5.0,6.5,8.0,11.0,0.0358939208939209,0.0,0.0,0.05555555555555555,0.03793418647166362,83,1,1.0,0.0,3,0.003003003003003003,0.01,4.0,3.81,4,0.48820141462784106,0.2833333333333333,0.05499999999999994,-0.03588496171178114,0.007821259232259296,0.02157952876501357
Uniform,0.2,3,6.893338835491225,300,999,0.022274247491638796,6.66,0.36464338281183756,0.20399733066399728,5.0,7.0,8.0,11.0,0.0388978058978059,0.0,0.01818181818181818,0.058333333333333334,0.03762043125860223,82,2,0.9966666666666667,0.0033333333333333335,3,0.003003003003003003,0.01,4.0,3.84,5,0.47072347622898175,0.27666666666666667,0.2386666666666668,0.008117786014047564,0.007653218097299262,0.021872518835538358
Uniform,0.2,4,7.469311855218127,300,999,0.022274247491638796,6.66,0.3664935206574149,0.20591925258591925,5.0,6.0,8.0,11.0,0.03670882820882821,0.0,0.0,0.06666666666666667,0.03756872327428222,82,2,0.9966666666666667,0.0033333333333333335,1,0.001001001001001001,0.0033333333333333335,5.0,4.206666666666667,7,0.44746047348649953,0.25666666666666665,0.362857142857143,0.0006667123746623481,0.0076961759105106265,0.02018111842498606
Uniform,0.2,5,6.407279279487109,300,999,0.022274247491638796,6.66,0.36236927528676055,0.20391057724391048,5.0,7.0,8.0,11.0,0.041010193510193506,0.0,0.0,0.05555555555555555,0.03630514705882353,79,1,1.0,0.0,2,0.002002002002002002,0.006666666666666667,4.0,3.84,5,0.45059824589354125,0.24666666666666667,0.15066666666666673,-0.03400762050160769,0.007745872942873475,0.022695483366485646
Uniform,0.2,6,6.377740066661439,300,999,0.022274247491638796,6.66,0.3590357704494638,0.2020987654320987,5.0,7.0,8.0,10.050000000000011,0.03956465756465756,0.0,0.0,0.06666666666666667,0.036394348894348894,79,1,1.0,0.0,5,0.005005005005005005,0.016666666666666666,5.0,4.406666666666666,5,0.46994041088135186,0.26,0.18533333333333335,0.013278565331271117,0.007720223972856945,0.022585595307098597
Uniform,0.2,7,6.562038722827518,300,999,0.022274247491638796,6.66,0.3552481897933141,0.19732065398732068,5.0,7.0,8.0,11.0,0.033983053983053985,0.0,0.0,0.05555555555555555,0.0351093316907915,76,1,1.0,0.0,4,0.004004004004004004,0.013333333333333334,4.0,3.8666666666666667,5,0.4476739001263526,0.25333333333333335,0.17333333333333334,-0.04375201424510128,0.007769184499287573,0.02021112442074926
Uniform,0.2,8,6.573466321953333,300,999,0.022274247491638796,6.66,0.3713821636781781,0.2088388388388387,5.0,7.0,8.0,11.0,0.03168958818958819,0.0,0.0,0.047619047619047616,0.032866707242848445,72,1,1.0,0.0,3,0.003003003003003003,0.01,4.0,3.83,5,0.47340132925718514,0.2733333333333333,0.18799999999999994,-0.02849608856252903,0.007741223876952277,0.022012840535104824
Uniform,0.2,9,7.092021740597447,300,999,0.022274247491638796,6.66,0.35819754697629774,0.2020887554220887,5.0,7.0,8.0,11.0,0.03414381914381914,0.0,0.0,0.05555555555555555,0.03733866011063307,81,1,1.0,0.0,2,0.002002002002002002,0.006666666666666667,4.0,3.8666666666666667,7,0.4638762887011135,0.23333333333333334,0.30666666666666664,0.0013945222233926714,0.00789230349943086,0.022318329615951732
Uniform,0.2,10,6.93545425367733,300,999,0.022274247491638796,6.66,0.36955650101557996,0.2055355355355355,5.0,6.0,8.0,11.0,0.03861183261183261,0.0,0.0,0.06666666666666667,0.03976839859820204,87,1,1.0,0.0,6,0.006006006006006006,0.02,4.0,3.82,5,0.4434694955215476,0.24666666666666667,0.1413333333333333,-0.009342870966325278,0.007798761491553335,0.020531975083776525
Uniform,0.2,11,5.800219903727911,300,999,0.022274247491638796,6.66,0.3554596697264364,0.19993660326993656,5.0,7.0,8.0,10.050000000000011,0.04327034077034076,0.0,0.0155011655011655,0.05555555555555555,0.03741339491916859,81,1,1.0,0.0,3,0.003003003003003003,0.01,5.0,4.523333333333333,4,0.473373774174575,0.26,0.026666666666666616,-0.05054837471089091,0.007770366904052513,0.02165175901765651
Uniform,0.3,0,9.43492804930482,300,874,0.019487179487179488,5.826666666666667,0.39844870390852366,0.22520594965675045,4.0,6.0,7.0,10.0,0.02718903318903319,0.0,0.0,0.03571428571428571,0.02804853789536503,47,1,1.0,0.0,6,0.006864988558352402,0.02,4.0,3.6866666666666665,5,0.4679077494252994,0.2633333333333333,0.17733333333333334,-0.006029085800579307,0.008318270790179154,0.02305189027320752
Uniform,0.3,1,9.581848214868877,300,874,0.019487179487179488,5.826666666666667,0.3758785856245684,0.21022120518688014,4.0,6.0,7.0,10.0,0.024290283790283793,0.0,0.0,0.047619047619047616,0.02976913730255164,49,1,1.0,0.0,4,0.004576659038901602,0.013333333333333334,4.0,3.6966666666666668,8,0.4674220685032649,0.23333333333333334,0.2941666666666667,-0.012767115605077121,0.008456190813912254,0.024109747568087023
Uniform,0.3,2,10.867621458898297,300,874,0.019487179487179488,5.826666666666667,0.4132066717425668,0.2343935926773455,4.0,6.0,8.0,10.0,0.02902960002960003,0.0,0.0,0.03995726495726496,0.030070754716981132,51,4,0.99,0.01,2,0.002288329519450801,0.006666666666666667,4.0,3.6,9,0.4721394571893867,0.23333333333333334,0.4770370370370369,-0.04377163533450768,0.008059034286996612,0.023334912866290584
Uniform,0.3,3,10.039898753054548,300,874,0.019487179487179488,5.826666666666667,0.3914883076891479,0.2170022883295193,4.0,6.0,7.0,10.0,0.030698153698153697,0.0,0.0,0.047619047619047616,0.032406481296259254,54,2,0.9966666666666667,0.0033333333333333335,5,0.005720823798627002,0.016666666666666666,4.0,3.72,8,0.463886808853793,0.25,0.36083333333333334,-0.010930753958705923,0.008414198282851153,0.024124968694027495
Uniform,0.3,4,9.774056010444264,300,874,0.019487179487179488,5.826666666666667,0.3856768792866532,0.21492372234935164,4.0,6.0,7.0,10.0,0.028770007770007773,0.0,0.0,0.044444444444444446,0.029541800643086816,49,2,0.9966666666666667,0.0033333333333333335,2,0.002288329519450801,0.006666666666666667,4.0,3.6933333333333334,7,0.45436235724122764,0.25,0.34190476190476193,-0.04368863097823701,0.008331032998658738,0.02278616189962243
Uniform,0.3,5,9.283405759363509,300,874,0.019487179487179488,5.826666666666667,0.37273087843081976,0.20942791762013724,4.0,6.0,7.0,9.0,0.03848821548821549,0.0,0.0,0.05454545454545454,0.0341047503045067,56,1,1.0,0.0,2,0.002288329519450801,0.006666666666666667,4.0,3.6966666666666668,6,0.4919417549445198,0.25666666666666665,0.23555555555555552,-0.05333162584183103,0.008459332471459389,0.02587314171211811
Uniform,0.3,6,10.521506635349036,300,874,0.019487179487179488,5.826666666666667,0.3967200536891411,0.22139969488939726,4.0,6.0,7.0,10.0,0.03263077663077663,0.0,0.0,0.047619047619047616,0.031075697211155377,52,2,0.9966666666666667,0.0033333333333333335,9,0.010297482837528604,0.03,4.0,3.68,10,0.4403096837706643,0.17666666666666667,0.2893333333333332,0.02500014759640603,0.008537965265492333,0.022241975098515422
Uniform,0.3,7,9.650992713641264,300,874,0.019487179487179488,5.826666666666667,0.3929901993115995,0.21975209763539283,4.0,6.0,7.0,10.0,0.031560735560735555,0.0,0.0,0.047619047619047616,0.03236763236763237,54,2,0.9966666666666667,0.0033333333333333335,4,0.004576659038901602,0.013333333333333334,4.0,3.66,8,0.44327940660526055,0.21333333333333335,0.27916666666666656,0.028665568202315635,0.008561556479826055,0.02496508897866861
Uniform,0.3,8,9.15712568213123,300,874,0.019487179487179488,5.826666666666667,0.3864398479260653,0.21586575133485875,4.0,6.0,7.0,10.0,0.025460798460798458,0.0,0.0,0.035876623376623375,0.027113878288813016,45,1,1.0,0.0,3,0.003432494279176201,0.01,4.0,3.7333333333333334,8,0.4474639863014416,0.18666666666666668,0.1625000000000001,0.006936479619490575,0.008376247180039735,0.02252408109750456
Uniform,0.3,9,9.818551091825046,300,874,0.019487179487179488,5.826666666666667,0.3815819492881414,0.2149580472921433,4.0,6.0,7.0,10.0,0.03063564213564213,0.0,0.0,0.047619047619047616,0.03205645161290323,53,1,1.0,0.0,7,0.008009153318077803,0.023333333333333334,4.0,3.65,8,0.4470974346621703,0.22,0.2433333333333334,0.020482633632446113,0.008633973045580515,0.025380806408044163
Uniform,0.3,10,9.851616795362943,300,874,0.019487179487179488,5.826666666666667,0.39820221332480404,0.2222921434019831,4.0,6.0,7.0,10.0,0.03175061975061975,0.0,0.0,0.047619047619047616,0.033426183844011144,56,2,0.9966666666666667,0.0033333333333333335,5,0.005720823798627002,0.016666666666666666,4.0,3.7133333333333334,7,0.4448451057501479,0.23333333333333334,0.31619047619047636,-0.02827489012516832,0.008456901827836415,0.02247606215299277
Uniform,0.3,11,9.265574402171147,300,874,0.019487179487179488,5.826666666666667,0.37352029206542364,0.2109572845156369,4.0,6.0,7.25,9.0,0.0313051948051948,0.0,0.0,0.03571428571428571,0.029214850882531954,48,1,1.0,0.0,5,0.005720823798627002,0.016666666666666666,4.0,3.7,7,0.46647099791065566,0.20333333333333334,0.17714285714285727,-0.026644048872689393,0.008553457193055449,0.023204247992640058
Uniform,0.4,0,14.288716730571377,300,749,0.01670011148272018,4.993333333333333,0.44210000511572645,0.2467556742323096,3.0,5.0,6.0,9.0,0.023905002405002405,0.0,0.0,0.0,0.022568511552928532,28,2,0.9966666666666667,0.0033333333333333335,12,0.01602136181575434,0.04,3.0,2.816666666666667,10,0.46667742125236855,0.16,0.2546666666666666,-0.014526463133538395,0.009113508577484624,0.02786134102883481
Uniform,0.4,1,12.779618894294535,300,749,0.01670011148272018,4.993333333333333,0.4241985629117968,0.2377659101023586,3.75,5.0,6.0,9.0,0.024814093314093313,0.0,0.0,0.0,0.025382096069868996,31,1,1.0,0.0,9,0.012016021361815754,0.03,4.0,3.223333333333333,7,0.4862914682861528,0.21333333333333335,0.1561904761904762,-0.0032942094020064383,0.009326331962725278,0.028072076758920348
Uniform,0.4,2,15.011964607395775,300,749,0.01670011148272018,4.993333333333333,0.45755451375221,0.2580596350689808,3.0,5.0,7.0,9.0,0.0321974506974507,0.0,0.0,0.03571428571428571,0.030206677265500796,38,7,0.98,0.02,5,0.006675567423230975,0.016666666666666666,4.0,3.256666666666667,15,0.4798128702087875,0.14333333333333334,0.4662222222222223,-0.020863579150479383,0.008990932903632363,0.028660389704970736
Uniform,0.4,3,13.795338845782195,300,749,0.01670011148272018,4.993333333333333,0.4219866897885587,0.23220738762794824,4.0,5.0,6.0,8.0,0.02171258371258371,0.0,0.0,0.005555555555555556,0.02543068088597211,31,3,0.9933333333333333,0.006666666666666667,8,0.010680907877169559,0.02666666666666667,3.0,2.82,11,0.487664906123162,0.19333333333333333,0.41333333333333333,-0.012259199811968055,0.009256868594544141,0.028129232740685784
Uniform,0.4,4,13.30718828912629,300,749,0.01670011148272018,4.993333333333333,0.42166976077989354,0.23367601246105907,3.0,5.0,6.0,8.0,0.03465199615199615,0.0,0.0,0.03571428571428571,0.03364332603938731,41,2,0.9966666666666667,0.0033333333333333335,7,0.009345794392523364,0.023333333333333334,3.0,2.85,10,0.4989866328224014,0.22666666666666666,0.3566666666666667,-0.02580739079544002,0.009465677148291239,0.025359199333535313
Uniform,0.4,5,14.152338754778853,300,749,0.01670011148272018,4.993333333333333,0.4058371671398203,0.2282643524699599,4.0,5.0,6.0,8.0,0.03331481481481481,0.0,0.0,0.03571428571428571,0.028278347657332965,34,2,0.9966666666666667,0.0033333333333333335,12,0.01602136181575434,0.04,3.0,2.8133333333333335,10,0.5060855506496423,0.22,0.2826666666666666,-0.009362992971855442,0.00904288237070277,0.027463041662795652
Uniform,0.4,6,15.901985924638423,300,749,0.01670011148272018,4.993333333333333,0.44661292251939433,0.25068090787716946,3.0,5.0,7.0,9.0,0.025593554593554592,0.0,0.0,0.027777777777777776,0.028900187316028902,36,3,0.9933333333333333,0.006666666666666667,17,0.022696929238985315,0.056666666666666664,4.0,3.316666666666667,13,0.4742513827961091,0.13666666666666666,0.3287179487179488,0.0045087478830558225,0.009464386597175918,0.029338762572240617
Uniform,0.4,7,12.9466783060471,300,749,0.01670011148272018,4.993333333333333,0.42135259338663145,0.2353404539385846,3.75,5.0,6.0,9.0,0.025687109187109182,0.0,0.0,0.03571428571428571,0.03365253077975376,41,2,0.9966666666666667,0.0033333333333333335,7,0.009345794392523364,0.023333333333333334,3.0,2.8466666666666667,10,0.4921185523733469,0.15666666666666668,0.244,0.06376018964643637,0.00950225624324811,0.0259019868479802
Uniform,0.4,8,14.906229208426677,300,749,0.01670011148272018,4.993333333333333,0.4197631617245336,0.23554517133956376,3.75,5.0,6.0,9.0,0.015060606060606059,0.0,0.0,0.0,0.01726027397260274,21,3,0.9933333333333333,0.006666666666666667,13,0.017356475300400534,0.043333333333333335,3.0,2.8033333333333332,11,0.4771016450951068,0.18666666666666668,0.3600000000000001,-0.009692425016227867,0.009352565519830946,0.027480282915338487
Uniform,0.4,9,14.236431953710722,300,749,0.01670011148272018,4.993333333333333,0.41656610509695907,0.23303070761014677,3.0,5.0,6.0,9.0,0.02349422799422799,0.0,0.0,0.027777777777777776,0.028021978021978023,34,4,0.99,0.01,9,0.012016021361815754,0.02666666666666667,3.0,2.8233333333333333,11,0.48303211580728017,0.22333333333333333,0.3909090909090911,0.029313219378527124,0.009417083075128063,0.028173428635370125
Uniform,0.4,10,13.64789607964294,300,749,0.01670011148272018,4.993333333333333,0.4162450488752006,0.23022696929238973,4.0,5.0,6.0,9.0,0.02816474266474266,0.0,0.0,0.027777777777777776,0.026380873866446827,32,3,0.9933333333333333,0.006666666666666667,9,0.012016021361815754,0.03,3.0,2.816666666666667,12,0.48160252833773914,0.18666666666666668,0.31666666666666665,-0.06316826506922922,0.009319783441366572,0.027682460956549262
Uniform,0.4,11,14.412042405525067,300,749,0.01670011148272018,4.993333333333333,0.4091180737359334,0.2308633733867378,4.0,5.0,6.0,8.0,0.029857142857142856,0.0,0.0,0.03571428571428571,0.029858999170583357,36,4,0.99,0.01,10,0.01335113484646195,0.03333333333333333,3.0,2.8266666666666667,13,0.4968030360017184,0.17,0.37948717948717947,-0.042031072840376084,0.008791867218574091,0.02523644877616958
Hub-biased,0.0,0,0.0,300,1249,0.027848383500557412,8.326666666666666,0.32254883943668544,0.181056845476381,6.75,8.0,10.0,13.0,0.0466519869019869,0.0,0.03571428571428571,0.06666666666666667,0.046907065376722366,160,1,1.0,0.0,2,0.0016012810248198558,0.006666666666666667,6.0,5.586666666666667,4,0.49513077235206904,0.25666666666666665,0.01333333333333342,-0.01958416701860475,0.006777681738989988,0.01914377333376024
Hub-biased,0.0,1,0.0,300,1249,0.027848383500557412,8.326666666666666,0.32254883943668544,0.181056845476381,6.75,8.0,10.0,13.0,0.0466519869019869,0.0,0.03571428571428571,0.06666666666666667,0.046907065376722366,160,1,1.0,0.0,2,0.0016012810248198558,0.006666666666666667,6.0,5.586666666666667,4,0.49513077235206904,0.25666666666666665,0.01333333333333342,-0.01958416701860475,0.006777681738989988,0.01914377333376024
Hub-biased,0.0,2,0.0,300,1249,0.027848383500557412,8.326666666666666,0.32254883943668544,0.181056845476381,6.75,8.0,10.0,13.0,0.0466519869019869,0.0,0.03571428571428571,0.06666666666666667,0.046907065376722366,160,1,1.0,0.0,2,0.0016012810248198558,0.006666666666666667,6.0,5.586666666666667,4,0.49513077235206904,0.25666666666666665,0.01333333333333342,-0.01958416701860475,0.006777681738989988,0.01914377333376024
Hub-biased,0.0,3,0.0,300,1249,0.027848383500557412,8.326666666666666,0.32254883943668544,0.181056845476381,6.75,8.0,10.0,13.0,0.0466519869019869,0.0,0.03571428571428571,0.06666666666666667,0.046907065376722366,160,1,1.0,0.0,2,0.0016012810248198558,0.006666666666666667,6.0,5.586666666666667,4,0.49513077235206904,0.25666666666666665,0.01333333333333342,-0.01958416701860475,0.006777681738989988,0.01914377333376024
Hub-biased,0.0,4,0.0,300,1249,0.027848383500557412,8.326666666666666,0.32254883943668544,0.181056845476381,6.75,8.0,10.0,13.0,0.0466519869019869,0.0,0.03571428571428571,0.06666666666666667,0.046907065376722366,160,1,1.0,0.0,2,0.0016012810248198558,0.006666666666666667,6.0,5.586666666666667,4,0.49513077235206904,0.25666666666666665,0.01333333333333342,-0.01958416701860475,0.006777681738989988,0.01914377333376024
Hub-biased,0.0,5,0.0,300,1249,0.027848383500557412,8.326666666666666,0.32254883943668544,0.181056845476381,6.75,8.0,10.0,13.0,0.0466519869019869,0.0,0.03571428571428571,0.06666666666666667,0.046907065376722366,160,1,1.0,0.0,2,0.0016012810248198558,0.006666666666666667,6.0,5.586666666666667,4,0.49513077235206904,0.25666666666666665,0.01333333333333342,-0.01958416701860475,0.006777681738989988,0.01914377333376024
Hub-biased,0.0,6,0.0,300,1249,0.027848383500557412,8.326666666666666,0.32254883943668544,0.181056845476381,6.75,8.0,10.0,13.0,0.0466519869019869,0.0,0.03571428571428571,0.06666666666666667,0.046907065376722366,160,1,1.0,0.0,2,0.0016012810248198558,0.006666666666666667,6.0,5.586666666666667,4,0.49513077235206904,0.25666666666666665,0.01333333333333342,-0.01958416701860475,0.006777681738989988,0.01914377333376024
Hub-biased,0.0,7,0.0,300,1249,0.027848383500557412,8.326666666666666,0.32254883943668544,0.181056845476381,6.75,8.0,10.0,13.0,0.0466519869019869,0.0,0.03571428571428571,0.06666666666666667,0.046907065376722366,160,1,1.0,0.0,2,0.0016012810248198558,0.006666666666666667,6.0,5.586666666666667,4,0.49513077235206904,0.25666666666666665,0.01333333333333342,-0.01958416701860475,0.006777681738989988,0.01914377333376024
Hub-biased,0.0,8,0.0,300,1249,0.027848383500557412,8.326666666666666,0.32254883943668544,0.181056845476381,6.75,8.0,10.0,13.0,0.0466519869019869,0.0,0.03571428571428571,0.06666666666666667,0.046907065376722366,160,1,1.0,0.0,2,0.0016012810248198558,0.006666666666666667,6.0,5.586666666666667,4,0.49513077235206904,0.25666666666666665,0.01333333333333342,-0.01958416701860475,0.006777681738989988,0.01914377333376024
Hub-biased,0.0,9,0.0,300,1249,0.027848383500557412,8.326666666666666,0.32254883943668544,0.181056845476381,6.75,8.0,10.0,13.0,0.0466519869019869,0.0,0.03571428571428571,0.06666666666666667,0.046907065376722366,160,1,1.0,0.0,2,0.0016012810248198558,0.006666666666666667,6.0,5.586666666666667,4,0.49513077235206904,0.25666666666666665,0.01333333333333342,-0.01958416701860475,0.006777681738989988,0.01914377333376024
Hub-biased,0.0,10,0.0,300,1249,0.027848383500557412,8.326666666666666,0.32254883943668544,0.181056845476381,6.75,8.0,10.0,13.0,0.0466519869019869,0.0,0.03571428571428571,0.06666666666666667,0.046907065376722366,160,1,1.0,0.0,2,0.0016012810248198558,0.006666666666666667,6.0,5.586666666666667,4,0.49513077235206904,0.25666666666666665,0.01333333333333342,-0.01958416701860475,0.006777681738989988,0.01914377333376024
Hub-biased,0.0,11,0.0,300,1249,0.027848383500557412,8.326666666666666,0.32254883943668544,0.181056845476381,6.75,8.0,10.0,13.0,0.0466519869019869,0.0,0.03571428571428571,0.06666666666666667,0.046907065376722366,160,1,1.0,0.0,2,0.0016012810248198558,0.006666666666666667,6.0,5.586666666666667,4,0.49513077235206904,0.25666666666666665,0.01333333333333342,-0.01958416701860475,0.006777681738989988,0.01914377333376024
Hub-biased,0.05,0,2.18603928611483,300,1187,0.026465997770345598,7.913333333333333,0.31850224448234643,0.17890480202190395,6.0,8.0,9.0,12.0,0.040425278425278426,0.0,0.027777777777777776,0.06666666666666667,0.041925974451359316,128,1,1.0,0.0,2,0.0016849199663016006,0.006666666666666667,5.0,4.8,4,0.4838811215860676,0.26666666666666666,0.021666666666666723,-0.027208111247287788,0.006964529410526744,0.0183353013023427
Hub-biased,0.05,1,1.8750149999171744,300,1187,0.026465997770345598,7.913333333333333,0.32232325184567184,0.1812636899747262,6.0,8.0,10.0,12.0,0.04429274429274429,0.0,0.030303030303030304,0.06666666666666667,0.044434763668046176,136,1,1.0,0.0,2,0.0016849199663016006,0.006666666666666667,5.0,4.81,4,0.46828035251307876,0.26,0.01333333333333342,-0.0422401342681765,0.006973451046637166,0.019317510675344332
Hub-biased,0.05,2,1.975005326169203,300,1187,0.026465997770345598,7.913333333333333,0.32149646119819203,0.18065150238696992,6.0,8.0,10.0,12.0,0.04461545861545861,0.0,0.03571428571428571,0.06666666666666667,0.04478587773782282,137,1,1.0,0.0,3,0.002527379949452401,0.01,5.0,4.806666666666667,4,0.4959850074770985,0.2733333333333333,0.03833333333333333,-0.023578859451223958,0.0069850497689950925,0.019553655591255558
Hub-biased,0.05,3,2.9060033694402265,300,1187,0.026465997770345598,7.913333333333333,0.3200028549116812,0.17973883740522312,6.0,8.0,10.0,12.0,0.04476728826728826,0.0,0.03571428571428571,0.06666666666666667,0.04450261780104712,136,1,1.0,0.0,2,0.0016849199663016006,0.006666666666666667,5.0,4.84,5,0.492551645919818,0.26,0.20399999999999996,-0.02014061714787042,0.00703623118552524,0.01961457054572483
Hub-biased,0.05,4,2.1919725547207216,300,1187,0.026465997770345598,7.913333333333333,0.3320842183682664,0.18695029486099402,6.0,8.0,9.0,12.0,0.04286115736115736,0.0,0.03571428571428571,0.06666666666666667,0.04414628868210344,136,1,1.0,0.0,2,0.0016849199663016006,0.006666666666666667,5.0,4.796666666666667,4,0.4659811535952885,0.2633333333333333,0.02499999999999991,-0.027695866504430833,0.006946027386556417,0.021222324587251137
Hub-biased,0.05,5,2.0266052569274127,300,1187,0.026465997770345598,7.913333333333333,0.32528229817043014,0.18231114855377695,6.0,8.0,9.25,13.0,0.04225224775224775,0.0,0.03571428571428571,0.06666666666666667,0.042065217391304345,129,1,1.0,0.0,2,0.0016849199663016006,0.006666666666666667,5.0,4.833333333333333,4,0.45367392753140773,0.2633333333333333,0.026666666666666616,-0.03365891217371731,0.006971551588859043,0.019105289258928394
Hub-biased,0.05,6,1.878043420970962,300,1187,0.026465997770345598,7.913333333333333,0.3367005969258562,0.18922493681550123,6.0,8.0,10.0,13.0,0.04858613608613608,0.0,0.03571428571428571,0.06785714285714285,0.046920504799913706,145,1,1.0,0.0,2,0.0016849199663016006,0.006666666666666667,5.0,4.79,4,0.4739980084728621,0.26,0.023333333333333428,-0.027609964029642164,0.00701206681372852,0.020290909407229416
Hub-biased,0.05,7,1.8856461689524173,300,1187,0.026465997770345598,7.913333333333333,0.32528229817043014,0.18215950575680973,6.0,8.0,10.0,12.0,0.045072501572501575,0.0,0.03571428571428571,0.06666666666666667,0.04630434782608696,142,1,1.0,0.0,2,0.0016849199663016006,0.006666666666666667,5.0,4.806666666666667,4,0.48644824690961974,0.26666666666666666,0.026666666666666616,-0.018673730393785608,0.007001088597434229,0.019134859989841626
Hub-biased,0.05,8,2.178248887477267,300,1187,0.026465997770345598,7.913333333333333,0.3188363238203193,0.1783740522325188,6.0,8.0,9.0,12.0,0.0469003034003034,0.0,0.03571428571428571,0.06666666666666667,0.044536622639449845,136,1,1.0,0.0,2,0.0016849199663016006,0.006666666666666667,5.0,4.836666666666667,4,0.4811755971919893,0.2733333333333333,0.030000000000000027,-0.036120046074777756,0.006944964091191981,0.019010823901305464
Hub-biased,0.05,9,1.9423720874703951,300,1187,0.026465997770345598,7.913333333333333,0.3259362158413251,0.18319011513619765,6.0,8.0,10.0,13.0,0.045095978095978095,0.0,0.03571428571428571,0.06666666666666667,0.046284224250325946,142,1,1.0,0.0,2,0.0016849199663016006,0.006666666666666667,5.0,4.8133333333333335,4,0.46615468473756344,0.2833333333333333,0.043333333333333224,-0.012660881669121491,0.006991558662875715,0.019199520971900412
Hub-biased,0.05,10,2.816433137785058,300,1187,0.026465997770345598,7.913333333333333,0.32593621584132515,0.18297669194046606,6.0,8.0,9.25,12.050000000000011,0.04224473674473674,0.0,0.030303030303030304,0.06666666666666667,0.04106910039113429,126,1,1.0,0.0,2,0.0016849199663016006,0.006666666666666667,5.0,4.806666666666667,5,0.4391789315449808,0.26,0.17599999999999993,-0.039164827218886526,0.006963871114588572,0.019645296090829798
Hub-biased,0.05,11,1.8608861489089557,300,1187,0.026465997770345598,7.913333333333333,0.32805244626770164,0.18432462791350734,6.0,8.0,10.0,13.0,0.04599726199726199,0.0,0.03571428571428571,0.06666666666666667,0.04524248670934143,139,1,1.0,0.0,2,0.0016849199663016006,0.006666666666666667,5.0,4.81,4,0.48932907679303095,0.26666666666666666,0.021666666666666723,-0.023149236435968164,0.006952583526203403,0.01886204235559996
Hub-biased,0.1,0,3.060669800747564,300,1124,0.025061315496098104,7.493333333333333,0.3302306067647336,0.18579181494661912,6.0,8.0,9.0,12.0,0.04006652606652606,0.0,0.027777777777777776,0.06666666666666667,0.03943044906900329,108,1,1.0,0.0,2,0.0017793594306049821,0.006666666666666667,5.0,4.763333333333334,4,0.4608010600169704,0.2733333333333333,0.050000000000000044,-0.043203412720272207,0.0072122235659224905,0.01944129419881053
Hub-biased,0.1,1,3.0843443535479347,300,1124,0.025061315496098104,7.493333333333333,0.32824720737745805,0.18426749703440093,6.0,8.0,9.0,12.0,0.04089001739001739,0.0,0.027777777777777776,0.06666666666666667,0.0424079941506215,116,1,1.0,0.0,3,0.0026690391459074734,0.01,5.0,4.763333333333334,4,0.46379779258114767,0.2733333333333333,0.03499999999999992,-0.035916834423224825,0.007219742840785226,0.02036179095130811
Hub-biased,0.1,2,3.0636985969671877,300,1124,0.025061315496098104,7.493333333333333,0.3289698271097098,0.1841281138790034,6.0,8.0,9.0,12.0,0.04422427572427572,0.0,0.02904040404040404,0.06666666666666667,0.04202192448233861,115,1,1.0,0.0,3,0.0026690391459074734,0.01,5.0,4.753333333333333,4,0.4736824191689568,0.25666666666666665,0.010000000000000009,-0.02618222332260456,0.007218538511891527,0.021274677775570083
Hub-biased,0.1,3,3.1538621055162084,300,1124,0.025061315496098104,7.493333333333333,0.32277599689243724,0.18062277580071173,6.0,7.0,9.0,12.0,0.045537980537980534,0.0,0.03571428571428571,0.06666666666666667,0.04256360078277886,116,1,1.0,0.0,2,0.0017793594306049821,0.006666666666666667,5.0,4.806666666666667,4,0.4828637713554793,0.27666666666666667,0.036666666666666625,-0.01841005102701094,0.007281112319310143,0.02034811009462738
Hub-biased,0.1,4,3.1140290991711312,300,1124,0.025061315496098104,7.493333333333333,0.33058994637307154,0.185358837485172,6.0,8.0,9.0,12.0,0.04169789469789469,0.0,0.03571428571428571,0.06666666666666667,0.04124589366102932,113,1,1.0,0.0,3,0.0026690391459074734,0.01,5.0,4.756666666666667,4,0.44105594850622465,0.27666666666666667,0.04499999999999993,-0.043991586544893324,0.007229804260649616,0.019036455862462213
Hub-biased,0.1,5,3.181615702158382,300,1124,0.025061315496098104,7.493333333333333,0.3293305423846057,0.18344009489916946,6.0,7.0,9.0,12.0,0.03540766640766641,0.0,0.02393162393162393,0.05555555555555555,0.0361665854846566,99,1,1.0,0.0,3,0.0026690391459074734,0.01,5.0,4.783333333333333,4,0.4753893536049442,0.25666666666666665,0.010000000000000009,-0.03340329452973901,0.0071828725861880355,0.02060751341122177
Hub-biased,0.1,6,4.240612624619793,300,1124,0.025061315496098104,7.493333333333333,0.3472304927327029,0.19503558718861203,6.0,7.0,9.0,12.0,0.044823380323380325,0.0,0.02904040404040404,0.06666666666666667,0.04330045706038008,120,2,0.9966666666666667,0.0033333333333333335,1,0.0008896797153024911,0.0033333333333333335,5.0,4.733333333333333,5,0.4735031376249034,0.26666666666666666,0.22399999999999998,-0.034061535112025865,0.007186050829158304,0.021850831787916213
Hub-biased,0.1,7,3.147470472924444,300,1124,0.025061315496098104,7.493333333333333,0.3289698271097098,0.18464116251482787,6.0,7.0,9.0,12.0,0.04354279054279054,0.0,0.03571428571428571,0.06666666666666667,0.046041412911084045,126,1,1.0,0.0,2,0.0017793594306049821,0.006666666666666667,5.0,4.76,4,0.4917906466483454,0.25666666666666665,0.010000000000000009,-0.021681466082869645,0.007230968309052482,0.018995270114751727
Hub-biased,0.1,8,3.0764700427247664,300,1124,0.025061315496098104,7.493333333333333,0.32037612376401625,0.17847568208778175,6.0,8.0,9.0,11.050000000000011,0.03841266141266141,0.0,0.027777777777777776,0.06666666666666667,0.03822124219037119,104,1,1.0,0.0,3,0.0026690391459074734,0.01,5.0,4.806666666666667,4,0.45718495523106345,0.26666666666666666,0.026666666666666616,-0.028434508538872853,0.00715224992468472,0.019135980903584874
Hub-biased,0.1,9,3.275483777198132,300,1124,0.025061315496098104,7.493333333333333,0.32222376646018425,0.18104092526690385,6.0,7.0,9.0,12.0,0.03828243978243978,0.0,0.027777777777777776,0.06474358974358974,0.03927566377095314,107,1,1.0,0.0,2,0.0017793594306049821,0.006666666666666667,5.0,4.79,4,0.47525479350565464,0.29333333333333333,0.07333333333333325,-0.03729848232493377,0.007289394046167306,0.01887151236346998
Hub-biased,0.1,10,3.14520460157461,300,1124,0.025061315496098104,7.493333333333333,0.3280663037432019,0.18441281138790022,6.0,7.0,9.0,12.0,0.04252802752802753,0.0,0.027777777777777776,0.06666666666666667,0.03948811700182815,108,1,1.0,0.0,2,0.0017793594306049821,0.006666666666666667,5.0,4.773333333333333,4,0.47944357024353795,0.2633333333333333,0.021666666666666723,-0.03172213769046917,0.00715779850714528,0.020659284929935188
Hub-biased,0.1,11,3.194087653359205,300,1124,0.025061315496098104,7.493333333333333,0.3332726438421656,0.18648279952550406,6.0,7.0,9.0,12.0,0.04041316091316091,0.0,0.030303030303030304,0.06666666666666667,0.04335681321350498,119,1,1.0,0.0,2,0.0017793594306049821,0.006666666666666667,5.0,4.743333333333333,4,0.46178651486176725,0.2733333333333333,0.04166666666666674,0.00852268405324652,0.007214708692012615,0.01882611526176526
Hub-biased,0.2,0,6.386442932979765,300,999,0.022274247491638796,6.66,0.3396757923493702,0.1912612612612612,5.0,7.0,8.0,10.0,0.033016798016798014,0.0,0.0,0.047619047619047616,0.03129866085331672,67,1,1.0,0.0,2,0.002002002002002002,0.006666666666666667,4.0,3.8466666666666667,5,0.4512946379813247,0.26666666666666666,0.1373333333333333,-0.027995088318519133,0.007628793195601684,0.02135694087021213
Hub-biased,0.2,1,6.135718438101299,300,999,0.022274247491638796,6.66,0.3329724168608414,0.1869969969969969,5.0,7.0,8.0,10.0,0.033253746253746254,0.0,0.0,0.047619047619047616,0.032384230287859826,69,1,1.0,0.0,2,0.002002002002002002,0.006666666666666667,5.0,4.6066666666666665,5,0.4504243983723463,0.2633333333333333,0.19866666666666677,-0.032459492320566906,0.007778088209109698,0.021209197588441208
Hub-biased,0.2,2,6.014532254490646,300,999,0.022274247491638796,6.66,0.3370104427179719,0.1886686686686685,5.0,7.0,8.0,11.0,0.03570875420875421,0.0,0.0,0.05555555555555555,0.035101404056162244,75,1,1.0,0.0,5,0.005005005005005005,0.016666666666666666,5.0,4.486666666666666,4,0.47448299150000856,0.27666666666666667,0.05666666666666664,0.0024968342879392374,0.007878451871279162,0.021999474508337117
Hub-biased,0.2,3,6.190295880365236,300,999,0.022274247491638796,6.66,0.33274664527166786,0.1870136803470137,5.0,7.0,8.0,11.0,0.03931394531394531,0.0,0.007575757575757576,0.05555555555555555,0.03473634798936004,74,1,1.0,0.0,2,0.002002002002002002,0.006666666666666667,5.0,4.576666666666667,6,0.45022299576854136,0.25333333333333335,0.2155555555555555,-0.022618691117205172,0.007789987049216051,0.02031486335166043
Hub-biased,0.2,4,6.875991947798058,300,999,0.022274247491638796,6.66,0.3451625054567648,0.1945645645645644,5.0,6.5,8.0,11.0,0.03643891293891294,0.0,0.0,0.05555555555555555,0.03396928804094928,73,1,1.0,0.0,3,0.003003003003003003,0.01,4.0,3.88,9,0.3999500000501002,0.2,0.23185185185185175,-0.034655098381410586,0.00772864237192687,0.02012607195515416
Hub-biased,0.2,5,6.737669095485208,300,999,0.022274247491638796,6.66,0.3365641656501208,0.1878712045378712,5.0,7.0,8.0,11.0,0.03128767528767529,0.0,0.0,0.047619047619047616,0.03323970037453183,71,1,1.0,0.0,3,0.003003003003003003,0.01,4.0,3.88,5,0.46053310567825084,0.29333333333333333,0.2306666666666668,-0.03412326550403981,0.007749571654060648,0.02038577832124282
Hub-biased,0.2,6,7.283134990233355,300,999,0.022274247491638796,6.66,0.35861690361866455,0.20085085085085086,5.0,7.0,8.0,11.0,0.03856297406297406,0.0,0.0,0.05555555555555555,0.03870967741935484,84,2,0.9966666666666667,0.0033333333333333335,1,0.001001001001001001,0.0033333333333333335,4.0,3.8466666666666667,6,0.4788236685133582,0.25333333333333335,0.31999999999999984,-0.028822976095875332,0.007805469066430757,0.021359321296880097
Hub-biased,0.2,7,6.197692467087074,300,999,0.022274247491638796,6.66,0.3387896723717673,0.19066733400066727,5.0,7.0,8.0,10.0,0.039456469456469453,0.0,0.007575757575757576,0.058333333333333334,0.04160174509192895,89,1,1.0,0.0,3,0.003003003003003003,0.006666666666666667,5.0,4.476666666666667,5,0.48000152304456617,0.27,0.19599999999999995,-0.007176204780344911,0.007798796411857134,0.020973660867242536
Hub-biased,0.2,8,6.60293749974299,300,999,0.022274247491638796,6.66,0.32590077695753755,0.18142475809142478,5.0,7.0,8.0,10.050000000000011,0.03693236393236393,0.0,0.0,0.05555555555555555,0.034900172928784785,74,2,0.9966666666666667,0.0033333333333333335,2,0.002002002002002002,0.006666666666666667,5.0,4.576666666666667,6,0.459167876585294,0.25,0.26888888888888873,-0.029952420151387552,0.007694163904825349,0.019351787030608796
Hub-biased,0.2,9,7.738925422396583,300,999,0.022274247491638796,6.66,0.3293414993294011,0.18356690023356692,5.0,6.0,8.0,10.0,0.032471435971435966,0.0,0.0,0.05555555555555555,0.033877038895859475,72,2,0.9966666666666667,0.0033333333333333335,1,0.001001001001001001,0.0033333333333333335,4.0,3.8766666666666665,9,0.4195556918279641,0.21,0.35851851851851846,-0.037555020336067564,0.007809179618942048,0.020082654094107154
Hub-biased,0.2,10,6.414976254410215,300,999,0.022274247491638796,6.66,0.3453801610165123,0.19404404404404407,5.0,7.0,8.0,11.0,0.038278517778517776,0.0,0.0,0.05454545454545454,0.03396401985111663,73,1,1.0,0.0,3,0.003003003003003003,0.01,5.0,4.423333333333333,6,0.4489203918633348,0.25666666666666665,0.24333333333333318,-0.05023216012822794,0.007762582213626319,0.022440475700748586
Hub-biased,0.2,11,6.07126719567575,300,999,0.022274247491638796,6.66,0.3416611595771155,0.1903269936603269,5.0,7.0,8.0,11.0,0.03554079254079254,0.0,0.015151515151515152,0.05555555555555555,0.03825221582957549,82,1,1.0,0.0,3,0.003003003003003003,0.01,5.0,4.483333333333333,5,0.4465190916642368,0.27,0.16800000000000015,0.010953895982083971,0.0076745564209103724,0.020235242081192793
Hub-biased,0.3,0,10.128019563545106,300,874,0.019487179487179488,5.826666666666667,0.36393433253636975,0.20408848207475194,4.0,6.0,7.0,9.0,0.02729100529100529,0.0,0.0,0.047619047619047616,0.02575107296137339,42,2,0.9966666666666667,0.0033333333333333335,5,0.005720823798627002,0.016666666666666666,4.0,3.73,10,0.43962305400352936,0.26,0.3753333333333333,-0.04088831397165827,0.008270418035317787,0.027387016896135152
Hub-biased,0.3,1,9.641023160670155,300,874,0.019487179487179488,5.826666666666667,0.35408895522558526,0.19788710907704044,4.0,6.0,7.0,9.0,0.02860798460798461,0.0,0.0,0.047619047619047616,0.030883261272390366,50,2,0.9966666666666667,0.0033333333333333335,2,0.002288329519450801,0.006666666666666667,4.0,3.78,7,0.4694845760306646,0.2833333333333333,0.3142857142857143,-0.03799832106734459,0.008489875316593426,0.022733883246907876
Hub-biased,0.3,2,10.52046371809207,300,874,0.019487179487179488,5.826666666666667,0.3628535938918816,0.2029519450800914,4.0,6.0,7.0,10.0,0.03737902837902838,0.0,0.0,0.047619047619047616,0.032521988136633255,53,3,0.9933333333333333,0.006666666666666667,5,0.005720823798627002,0.016666666666666666,4.0,3.7466666666666666,10,0.47026153459462006,0.20666666666666667,0.4066666666666665,0.006384037060174256,0.00874504367769983,0.025100563312951234
Hub-biased,0.3,3,9.127657716888498,300,874,0.019487179487179488,5.826666666666667,0.35269980644267224,0.19840579710144923,4.0,6.0,7.0,9.0,0.04011592111592112,0.0,0.0,0.047619047619047616,0.030296784830997528,49,1,1.0,0.0,3,0.003432494279176201,0.01,4.0,3.7533333333333334,6,0.46127643753698244,0.24333333333333335,0.17999999999999994,-0.02775397182317782,0.008667012248793933,0.023954404657930424
Hub-biased,0.3,4,9.443958507574978,300,874,0.019487179487179488,5.826666666666667,0.3671574618525523,0.20623569794050334,4.0,6.0,7.0,10.0,0.030004329004329002,0.0,0.0,0.03636363636363636,0.02874617737003058,47,1,1.0,0.0,4,0.004576659038901602,0.013333333333333334,4.0,3.6466666666666665,7,0.4749324497693343,0.26,0.25523809523809526,-0.02372750546749221,0.008489090825910615,0.023892783060726088
Hub-biased,0.3,5,9.695872118478356,300,874,0.019487179487179488,5.826666666666667,0.3633943649803526,0.20472540045766574,4.0,6.0,7.0,9.0,0.02621957671957672,0.0,0.0,0.03636363636363636,0.03005520343488039,49,1,1.0,0.0,5,0.005720823798627002,0.016666666666666666,4.0,3.7666666666666666,7,0.4457143567804198,0.24333333333333335,0.3009523809523811,0.01265219326884068,0.008560485300776941,0.02162212327372989
Hub-biased,0.3,6,9.621638883906883,300,874,0.019487179487179488,5.826666666666667,0.36258290589966435,0.2018688024408848,4.0,6.0,7.0,10.0,0.02973039923039923,0.0,0.0,0.047619047619047616,0.030687397708674305,50,2,0.9966666666666667,0.0033333333333333335,4,0.004576659038901602,0.01,4.0,3.743333333333333,7,0.4604595510266064,0.27666666666666667,0.2923809523809524,-0.02773395260346681,0.008593406067291877,0.02544194468123729
Hub-biased,0.3,7,9.332424310754632,300,874,0.019487179487179488,5.826666666666667,0.3563003281076563,0.20081235697940492,4.0,6.0,7.0,9.0,0.031329725829725825,0.0,0.0,0.047619047619047616,0.03391572456320658,55,1,1.0,0.0,6,0.006864988558352402,0.016666666666666666,4.0,3.7266666666666666,6,0.4583126057108745,0.21666666666666667,0.1299999999999999,0.025533377694689663,0.00873126931760677,0.0229993435950381
Hub-biased,0.3,8,9.541366840705681,300,874,0.019487179487179488,5.826666666666667,0.3396531668962558,0.18983981693363838,4.75,6.0,7.0,9.0,0.03065897065897066,0.0,0.0,0.047619047619047616,0.033083645443196,53,2,0.9966666666666667,0.0033333333333333335,2,0.002288329519450801,0.006666666666666667,4.0,3.783333333333333,7,0.4579087443511774,0.24666666666666667,0.3180952380952382,0.0017712539416480915,0.008603929967368267,0.020888274189694588
Hub-biased,0.3,9,9.94006893796411,300,874,0.019487179487179488,5.826666666666667,0.34737038074959065,0.19305110602593434,4.0,6.0,7.0,9.0,0.029833092833092833,0.0,0.0,0.0496031746031746,0.0335195530726257,54,2,0.9966666666666667,0.0033333333333333335,2,0.002288329519450801,0.006666666666666667,4.0,3.7666666666666666,8,0.46298679366808226,0.27,0.3783333333333334,-0.04500021909861183,0.008557194789337634,0.02234431526858216
Hub-biased,0.3,10,9.633065018412033,300,874,0.019487179487179488,5.826666666666667,0.345954255175547,0.19341342486651403,4.0,6.0,7.0,9.0,0.030622895622895628,0.0,0.0,0.03571428571428571,0.026097763048881523,42,2,0.9966666666666667,0.0033333333333333335,2,0.002288329519450801,0.006666666666666667,4.0,3.7533333333333334,8,0.45476229126193257,0.22333333333333333,0.30833333333333335,-0.037478060019781365,0.008450379555082214,0.022840869711282064
Hub-biased,0.3,11,9.549148266081724,300,874,0.019487179487179488,5.826666666666667,0.3644735001312335,0.20459954233409605,4.0,6.0,7.0,9.0,0.03378643578643578,0.0,0.0,0.0547979797979798,0.037997957099080694,62,1,1.0,0.0,5,0.005720823798627002,0.016666666666666666,4.0,3.72,7,0.4569851651315135,0.22333333333333333,0.25428571428571445,-0.004386634178889111,0.008444586791039337,0.02304669506481005
Hub-biased,0.4,0,13.850531494649351,300,749,0.01670011148272018,4.993333333333333,0.3975164476707336,0.22238540275923446,4.0,5.0,6.0,9.0,0.03386243386243386,0.0,0.0,0.03571428571428571,0.02763819095477387,33,3,0.9933333333333333,0.006666666666666667,9,0.012016021361815754,0.03,3.0,2.84,10,0.4832121511369855,0.23,0.3926666666666665,-0.07206942205012291,0.009282101415192387,0.030218336731839997
Hub-biased,0.4,1,13.031217464967526,300,749,0.01670011148272018,4.993333333333333,0.36195859806470254,0.202545616377392,4.0,5.0,6.0,8.0,0.022796296296296294,0.0,0.0,0.0,0.02585463947141626,30,2,0.9966666666666667,0.0033333333333333335,5,0.006675567423230975,0.016666666666666666,3.0,2.8933333333333335,11,0.48445546442876214,0.24,0.4036363636363638,-0.003156774304980718,0.009747886083772023,0.027524016166016005
Hub-biased,0.4,2,13.813436115013626,300,749,0.01670011148272018,4.993333333333333,0.38591246842081967,0.21681352914997776,4.0,5.0,6.0,8.0,0.032335978835978836,0.0,0.0,0.03571428571428571,0.032976324689966176,39,4,0.99,0.01,6,0.00801068090787717,0.02,3.0,2.8366666666666664,11,0.5093841187448864,0.22666666666666666,0.44000000000000017,0.012943044079855328,0.009476640653548217,0.028496323668750788
Hub-biased,0.4,3,13.327188800562055,300,749,0.01670011148272018,4.993333333333333,0.3608488452321374,0.20392523364485982,4.0,5.0,6.0,8.0,0.027584656084656083,0.0,0.0,0.0,0.02156411730879816,25,1,1.0,0.0,8,0.010680907877169559,0.02666666666666667,3.0,2.8666666666666667,9,0.48571036415264857,0.21666666666666667,0.3674074074074074,-0.020862531723656604,0.009620698254048706,0.029260806942074915
Hub-biased,0.4,4,12.753823558002042,300,749,0.01670011148272018,4.993333333333333,0.3827819489733765,0.21591010235870045,4.0,5.0,6.0,8.0,0.02252116402116402,0.0,0.0,0.0,0.02204012432890647,26,2,0.9966666666666667,0.0033333333333333335,4,0.0053404539385847796,0.013333333333333334,3.0,2.8766666666666665,9,0.4823066269044084,0.21,0.3488888888888888,-0.036070234486803306,0.009442465316786356,0.029235068606409596
Hub-biased,0.4,5,13.146882767985154,300,749,0.01670011148272018,4.993333333333333,0.3872956881928594,0.2159412550066755,4.0,5.0,6.0,8.050000000000011,0.017639730639730643,0.0,0.0,0.0,0.02364864864864865,28,3,0.9933333333333333,0.006666666666666667,5,0.006675567423230975,0.016666666666666666,3.0,2.85,10,0.4784224983556179,0.23666666666666666,0.3813333333333333,0.015810005774667443,0.009665222811586232,0.0277518604243387
Hub-biased,0.4,6,13.655253598473266,300,749,0.01670011148272018,4.993333333333333,0.40053182019853634,0.22222963951935903,4.0,5.0,6.0,8.050000000000011,0.025682780182780186,0.0,0.0,0.01691919191919192,0.030910609857978277,37,4,0.99,0.01,7,0.009345794392523364,0.023333333333333334,4.0,3.3666666666666667,13,0.4799572549781551,0.20666666666666667,0.43025641025641037,-0.053025364006084805,0.009638102913350932,0.025703880093409927
Hub-biased,0.4,7,12.948287946778807,300,749,0.01670011148272018,4.993333333333333,0.37892063711547547,0.21313751668891845,4.0,5.0,6.0,8.0,0.02434126984126984,0.0,0.0,0.0,0.025510204081632654,30,1,1.0,0.0,8,0.010680907877169559,0.023333333333333334,3.0,2.8533333333333335,8,0.4737308846151789,0.26666666666666666,0.26083333333333325,-0.011733736262438878,0.009702906860989678,0.027793590471625655
Hub-biased,0.4,8,13.223948212040987,300,749,0.01670011148272018,4.993333333333333,0.38417644028491266,0.21335113484646184,4.0,5.0,6.0,8.0,0.03266402116402116,0.0,0.0,0.03917748917748917,0.028789161727349702,34,3,0.9933333333333333,0.006666666666666667,5,0.006675567423230975,0.016666666666666666,3.0,2.8833333333333333,12,0.49495277192019266,0.19333333333333333,0.395,-0.03067091848914544,0.009480809012643289,0.02614595387321765
Hub-biased,0.4,9,12.573984456779034,300,749,0.01670011148272018,4.993333333333333,0.3597356689261842,0.1986782376502001,4.0,5.0,6.0,8.0,0.025515392015392015,0.0,0.0,0.02976190476190476,0.026762589928057554,31,2,0.9966666666666667,0.0033333333333333335,4,0.0053404539385847796,0.013333333333333334,3.0,2.9066666666666667,9,0.48469432318302463,0.20333333333333334,0.2992592592592591,-0.014481041116628018,0.009762630590936579,0.03070091957805314
Hub-biased,0.4,10,12.904631384514783,300,749,0.01670011148272018,4.993333333333333,0.3778607039960625,0.2114285714285713,4.0,5.0,6.0,8.0,0.03827248677248677,0.0,0.0,0.03571428571428571,0.02893617021276596,34,2,0.9966666666666667,0.0033333333333333335,6,0.00801068090787717,0.02,3.0,2.8633333333333333,10,0.4863511829747184,0.19333333333333333,0.31999999999999984,-0.0731333599002486,0.009366829213752,0.02491071784243675
Hub-biased,0.4,11,13.054210594799626,300,749,0.01670011148272018,4.993333333333333,0.391074316876779,0.21754339118825095,4.0,5.0,6.0,8.0,0.032457671957671956,0.0,0.0,0.047619047619047616,0.03536345776031434,42,2,0.9966666666666667,0.0033333333333333335,7,0.009345794392523364,0.023333333333333334,3.0,2.8466666666666667,11,0.49103655786709827,0.19333333333333333,0.3145454545454547,0.0002851028603029978,0.009441562322913485,0.02439576011484174
