n,m,density,mean_degree,degree_cv,degree_gini,degree_q25,degree_q50,degree_q75,degree_q95,clustering_mean,clustering_q25,clustering_q50,clustering_q75,transitivity,triangles,components,largest_component_fraction,isolate_fraction,bridges,bridge_fraction,articulation_fraction,core_max,core_mean,communities,modularity,largest_community_fraction,community_gini,assortativity,betweenness_mean,betweenness_q95,family,size,seed,generation_seed,analysis_seed
120,479,0.06708683473389356,7.983333333333333,0.32179446172077214,0.18366388308977033,6.0,8.0,10.0,12.049999999999997,0.06566803566803567,0.027777777777777776,0.05555555555555555,0.09523809523809523,0.06575781876503609,82,1,1.0,0.0,0,0.0,0.0,5.0,4.866666666666666,7,0.3091186841061536,0.2,0.12857142857142856,-0.0034713563789695234,0.01314597590326616,0.036556227622252475,Random,120,0,3760192041,2795257944
120,469,0.06568627450980392,7.816666666666666,0.3352297908049796,0.18558990760483307,6.0,8.0,9.0,13.0,0.055742128242128236,0.0,0.05525030525030525,0.09090909090909091,0.05652535328345802,68,1,1.0,0.0,0,0.0,0.0,5.0,4.883333333333334,9,0.2971617695864267,0.18333333333333332,0.16481481481481475,-0.08613318332468116,0.013323184865001595,0.042041651946771334,Random,120,1,2644280556,3005500293
120,480,0.06722689075630252,8.0,0.34535609641836834,0.1906944444444445,6.0,8.0,10.0,13.049999999999997,0.06420907795907796,0.03571428571428571,0.06538461538461537,0.09523809523809523,0.06364588789942378,81,1,1.0,0.0,1,0.0020833333333333333,0.008333333333333333,6.0,5.466666666666667,8,0.3105490451388889,0.16666666666666666,0.11874999999999991,-0.031226878511355183,0.013003385031058915,0.03374678412930939,Random,120,2,2356875918,2356466040
120,503,0.07044817927170868,8.383333333333333,0.34164187110603794,0.18961232604373768,6.0,8.0,10.0,13.049999999999997,0.06852472010560245,0.03436147186147186,0.06666666666666667,0.09523809523809523,0.07560627674750357,106,1,1.0,0.0,1,0.0019880715705765406,0.008333333333333333,6.0,5.616666666666666,7,0.2982680458007423,0.23333333333333334,0.26666666666666683,0.05715552311907205,0.012507267562709343,0.03216375674863421,Random,120,3,533193457,342337438
120,470,0.06582633053221289,7.833333333333333,0.3442603160881852,0.18845744680851073,6.0,8.0,9.25,12.0,0.06982052791263318,0.027777777777777776,0.06666666666666667,0.10343822843822843,0.07072368421052631,86,1,1.0,0.0,0,0.0,0.0,5.0,4.816666666666666,9,0.31468537799909463,0.14166666666666666,0.0981481481481481,-0.04656886647440971,0.013195326746720063,0.031860767714360624,Random,120,4,3274948972,1635377023
120,433,0.06064425770308123,7.216666666666667,0.3478875778825513,0.19663202463433405,5.75,7.0,9.0,11.0,0.06656903281903281,0.0,0.047619047619047616,0.08333333333333333,0.05570032573289902,57,1,1.0,0.0,1,0.0023094688221709007,0.008333333333333333,5.0,4.675,7,0.32857927665089687,0.2,0.161904761904762,-0.047023529157370896,0.01383321071525404,0.031438175971755425,Random,120,5,3461880107,1588963964
120,470,0.06582633053221289,7.833333333333333,0.33869239674176854,0.19129432624113485,6.0,8.0,10.0,13.0,0.06524128649128648,0.022222222222222223,0.06666666666666667,0.09523809523809523,0.06769400110071547,82,1,1.0,0.0,0,0.0,0.0,5.0,4.783333333333333,9,0.30692168401991854,0.21666666666666667,0.19999999999999996,-0.03727113826162194,0.01323077345940782,0.033437783066336095,Random,120,6,2272706983,3992162881
120,530,0.0742296918767507,8.833333333333334,0.3499478677545548,0.1924842767295598,7.0,9.0,11.0,14.0,0.07526878622466858,0.04707792207792208,0.07207792207792207,0.10064102564102564,0.07682539682539682,121,1,1.0,0.0,0,0.0,0.0,6.0,5.725,8,0.2830455678177287,0.19166666666666668,0.2270833333333333,0.005791273734424744,0.012238985130528028,0.03135459414422586,Random,120,7,2472155355,1833389873
120,443,0.06204481792717087,7.383333333333334,0.36975555167672663,0.20304740406320554,5.0,7.0,9.0,13.0,0.07096200096200095,0.0,0.06666666666666667,0.1,0.0732824427480916,80,2,0.9916666666666667,0.008333333333333333,0,0.0,0.0,5.0,4.75,9,0.3193901624976433,0.15833333333333333,0.19444444444444442,0.012975402943881045,0.012685958929519627,0.032248167003621424,Random,120,8,452765185,1056229671
120,507,0.07100840336134454,8.45,0.35034716293621404,0.19296515450361618,7.0,8.0,10.0,14.0,0.07065091770974123,0.03571428571428571,0.0663003663003663,0.10714285714285714,0.07390192888682315,106,1,1.0,0.0,0,0.0,0.0,6.0,5.583333333333333,6,0.2905730035907551,0.20833333333333334,0.125,-0.011173567315601887,0.012538976210986383,0.03239155505379552,Random,120,9,126938515,2783164926
120,469,0.06568627450980392,7.816666666666666,0.3193955835068637,0.17963752665245214,6.0,8.0,10.0,12.0,0.057561003811003805,0.022222222222222223,0.05525030525030525,0.08333333333333333,0.05964715765891907,71,1,1.0,0.0,0,0.0,0.0,5.0,4.8,7,0.3123280945258478,0.275,0.24761904761904763,0.0328892241603219,0.013518180544584063,0.03365844302288396,Random,120,10,502155279,73271509
120,492,0.06890756302521009,8.2,0.31746379940112907,0.17762533875338749,6.0,8.0,10.0,13.0,0.05398342398342398,0.0,0.047619047619047616,0.08333333333333333,0.0577361357305647,76,1,1.0,0.0,0,0.0,0.0,5.0,4.891666666666667,7,0.29248050102452244,0.2,0.18571428571428572,-0.028987200036202778,0.012745834593206303,0.028807848637829835,Random,120,11,1457982267,1789210327
240,940,0.03277545327754533,7.833333333333333,0.3495453944735161,0.1932402482269504,6.0,8.0,10.0,13.0,0.0320266661443132,0.0,0.022222222222222223,0.047619047619047616,0.035231462515362556,86,3,0.9916666666666667,0.008333333333333333,1,0.0010638297872340426,0.004166666666666667,5.0,4.783333333333333,12,0.31745869171570845,0.15,0.33472222222222237,-0.0032993507607218197,0.007760660582900603,0.021328717932065876,Random,240,0,2641079728,1954714664
240,957,0.033368200836820086,7.975,0.3428125794338296,0.19376959247648906,6.0,8.0,10.0,13.0,0.029219576719576718,0.0,0.022222222222222223,0.047619047619047616,0.028526148969889066,72,1,1.0,0.0,1,0.0010449320794148381,0.004166666666666667,5.0,4.825,10,0.31344249980073136,0.14583333333333334,0.17416666666666658,0.024884704201817327,0.007818186781449271,0.020636662578525544,Random,240,1,641264692,910963161
240,964,0.03361227336122734,8.033333333333333,0.3330247132222203,0.18703751728907325,6.0,8.0,10.0,12.049999999999983,0.030993589743589744,0.0,0.022222222222222223,0.047619047619047616,0.032988611074748,84,1,1.0,0.0,0,0.0,0.0,5.0,4.816666666666666,11,0.32357505036070316,0.15833333333333333,0.20757575757575775,-0.030150153916296482,0.007675663400034735,0.020183379835396566,Random,240,2,1482143523,2483257324
240,955,0.03329846582984658,7.958333333333333,0.3499560408942427,0.19386998254799304,6.0,8.0,10.0,13.0,0.03681682764403352,0.0,0.027777777777777776,0.05555555555555555,0.036826821541710665,93,1,1.0,0.0,0,0.0,0.0,5.0,4.845833333333333,11,0.3276867410432828,0.125,0.14469696969696977,-0.008018664978051782,0.007532787403709271,0.020316660528765774,Random,240,3,1632736998,1546970977
240,988,0.034449093444909346,8.233333333333333,0.34735332111419676,0.19698886639676116,6.0,8.0,10.0,13.0,0.032505249380249374,0.0,0.027777777777777776,0.05454545454545454,0.034325787401574805,93,1,1.0,0.0,0,0.0,0.0,5.0,4.791666666666667,8,0.32299384107262863,0.17083333333333334,0.140625,0.007664156780056336,0.007734434290263053,0.021151413755898907,Random,240,4,3331064621,3165482173
240,945,0.03294979079497908,7.875,0.34075881512416384,0.1904320987654322,6.0,8.0,9.0,12.049999999999983,0.03113441433294374,0.0,0.022222222222222223,0.0520979020979021,0.03178915908164651,78,1,1.0,0.0,1,0.0010582010582010583,0.004166666666666667,5.0,4.804166666666666,11,0.3178835978835979,0.11666666666666667,0.10378787878787876,0.0022974069291688574,0.008099542026865292,0.02070745859029232,Random,240,5,2496357681,2110687006
240,948,0.03305439330543933,7.9,0.350071142844721,0.19764855836849504,6.0,8.0,10.0,13.0,0.03966935841935841,0.0,0.03571428571428571,0.05555555555555555,0.03861107387049202,96,1,1.0,0.0,1,0.0010548523206751054,0.004166666666666667,5.0,4.8,10,0.31679340472502626,0.125,0.12166666666666659,0.03102916590157866,0.007738154323339003,0.019069289888703215,Random,240,6,373782068,333928251
240,926,0.03228730822873082,7.716666666666667,0.37247471152598316,0.20627699784017284,6.0,7.0,10.0,13.0,0.03276417210240739,0.0,0.02007992007992008,0.047619047619047616,0.032866454028567464,79,1,1.0,0.0,2,0.0021598272138228943,0.008333333333333333,5.0,4.795833333333333,10,0.3312885725081518,0.1625,0.18499999999999983,-0.01686360695472764,0.007978464555477535,0.02177502713443191,Random,240,7,2485731592,4275965884
240,948,0.03305439330543933,7.9,0.3338670085603096,0.186207805907173,6.0,8.0,10.0,12.049999999999983,0.024256010193510192,0.0,0.0,0.03571428571428571,0.02359002169197397,58,1,1.0,0.0,2,0.002109704641350211,0.008333333333333333,5.0,4.820833333333334,10,0.3257218171945379,0.19166666666666668,0.22833333333333328,-0.03584469924685746,0.007787966209178473,0.020210235395212363,Random,240,8,364663519,4121779791
240,958,0.03340306834030683,7.983333333333333,0.33997192805937754,0.18820024356297838,6.0,8.0,9.0,13.0,0.03558423058423058,0.0,0.027777777777777776,0.05555555555555555,0.03564827039873251,90,1,1.0,0.0,1,0.0010438413361169101,0.004166666666666667,5.0,4.8375,10,0.3305506644409674,0.14166666666666666,0.16749999999999998,0.021057736421463295,0.007845078003962641,0.018386916806305536,Random,240,9,1109622110,2270227490
240,945,0.03294979079497908,7.875,0.3381858934028482,0.1880246913580248,6.0,7.5,10.0,12.0,0.034350429662929664,0.0,0.022222222222222223,0.047619047619047616,0.030620577027762656,75,1,1.0,0.0,1,0.0010582010582010583,0.004166666666666667,5.0,4.85,9,0.32150331737633325,0.15833333333333333,0.15740740740740744,-0.02391984663558245,0.007854695884328211,0.02166131131658555,Random,240,10,2902805579,3770341970
240,1040,0.03626220362622036,8.666666666666666,0.32081396109448873,0.1800921474358974,7.0,9.0,11.0,13.0,0.03553692358839418,0.0,0.034340659340659344,0.05454545454545454,0.03707448601280755,110,1,1.0,0.0,1,0.0009615384615384616,0.004166666666666667,6.0,5.666666666666667,8,0.30489829881656805,0.175,0.10624999999999996,-0.031027137317375678,0.007509949785034734,0.018715452049295294,Random,240,11,3388539319,8687201
480,1886,0.016405706332637437,7.858333333333333,0.3230984106349495,0.1819282431954754,6.0,8.0,10.0,12.0,0.015558116651866653,0.0,0.0,0.027777777777777776,0.014500759563596189,70,1,1.0,0.0,0,0.0,0.0,5.0,4.841666666666667,13,0.33044048967162176,0.13958333333333334,0.22275641025641035,-0.03916044844956002,0.004702824525005925,0.01532186999813322,Random,480,0,3027534892,1964782051
480,1905,0.01657098121085595,7.9375,0.37329257340771915,0.20842519685039362,6.0,8.0,10.0,13.0,0.018228228510252506,0.0,0.0,0.027777777777777776,0.017424786269007373,89,1,1.0,0.0,2,0.0010498687664041995,0.004166666666666667,5.0,4.75,13,0.32004532897954685,0.13958333333333334,0.21314102564102577,0.02268480198518843,0.004701953175166164,0.013303906725169021,Random,480,1,3561019916,2119011032
480,1905,0.01657098121085595,7.9375,0.35541391733879146,0.1976421697287838,6.0,8.0,10.0,13.0,0.013255120424238072,0.0,0.0,0.01904761904761905,0.013883379611265371,70,3,0.9958333333333333,0.004166666666666667,2,0.0010498687664041995,0.004166666666666667,5.0,4.808333333333334,15,0.32592528296167705,0.1125,0.27027777777777784,0.01486619653899363,0.00463174267537239,0.014467065187893239,Random,480,2,3052510481,2395908175
480,1841,0.0160142658315936,7.670833333333333,0.33183061135700526,0.18673841209487585,6.0,8.0,9.0,12.0,0.014268821456321457,0.0,0.0,0.022222222222222223,0.012792714657415438,59,2,0.9979166666666667,0.0020833333333333333,0,0.0,0.0,5.0,4.797916666666667,13,0.3343361025539045,0.13541666666666666,0.2743589743589745,0.012657173303773884,0.004701275357725365,0.013650264285183742,Random,480,3,1374122008,2237421612
480,2038,0.017727905358385525,8.491666666666667,0.3447599647290095,0.19200196270853764,6.0,8.0,10.0,13.0,0.014583558659119804,0.0,0.0,0.02291666666666667,0.01593073593073593,92,1,1.0,0.0,1,0.0004906771344455348,0.0020833333333333333,6.0,5.497916666666667,11,0.3160720356407839,0.14791666666666667,0.1886363636363637,0.02624023639753146,0.004485505237147313,0.012483672342453204,Random,480,4,1991707748,3378025466
480,1955,0.017005915100904663,8.145833333333334,0.33440912387474836,0.18610294117647053,6.0,8.0,10.0,13.0,0.018245451784054723,0.0,0.0,0.027777777777777776,0.018094089264173704,95,1,1.0,0.0,2,0.0010230179028132991,0.004166666666666667,5.0,4.866666666666666,12,0.33029572020067893,0.12916666666666668,0.2177083333333334,-0.009455957123476105,0.004511639199506335,0.012567184003536213,Random,480,5,2148115105,1015491157
480,1980,0.01722338204592902,8.25,0.35321775055655663,0.19912984006734002,6.0,8.0,10.0,14.0,0.018721183500595262,0.0,0.0,0.027777777777777776,0.018666503995607882,102,2,0.9979166666666667,0.0020833333333333333,0,0.0,0.0,6.0,5.38125,12,0.3339302112029385,0.13125,0.24687500000000018,-0.023089461096564855,0.00459347307399449,0.013394214947388175,Random,480,6,1465088221,510443419
480,1939,0.016866736256089074,8.079166666666667,0.3567265863383174,0.19975180505415158,6.0,8.0,10.0,13.0,0.01973463185779362,0.0,0.0,0.03296703296703297,0.01984732824427481,104,1,1.0,0.0,1,0.0005157297576070139,0.0020833333333333333,5.0,4.825,15,0.3195933953609856,0.09166666666666666,0.11888888888888882,-0.014377138501692066,0.004574039623604461,0.013357141072117292,Random,480,7,1828356601,2440083986
480,1849,0.01608385525400139,7.704166666666667,0.3445402610521795,0.19476969533080934,6.0,7.0,10.0,12.0,0.020447024040774038,0.0,0.0,0.027777777777777776,0.01746290906509548,82,1,1.0,0.0,1,0.0005408328826392645,0.0020833333333333333,5.0,4.775,13,0.33742472872799556,0.11458333333333333,0.1477564102564104,-0.010638046135454429,0.0047424033905528965,0.014097940634777591,Random,480,8,1858644723,128427503
480,1869,0.016257828810020875,7.7875,0.32876313430466264,0.18611222578919207,6.0,8.0,10.0,12.0,0.014255362692862695,0.0,0.0,0.02197802197802198,0.013885966757837155,66,1,1.0,0.0,1,0.0005350454788657035,0.0020833333333333333,5.0,4.80625,11,0.3274818996318807,0.12291666666666666,0.1166666666666667,-0.03684263953328683,0.004630324054384401,0.012952668706282205,Random,480,9,2816384369,251404804
480,1928,0.016771050800278357,8.033333333333333,0.3438041667489625,0.18995720954356843,6.0,8.0,10.0,13.0,0.017026172231764336,0.0,0.0,0.027777777777777776,0.01754271977129491,90,1,1.0,0.0,0,0.0,0.0,5.0,4.8375,12,0.32518406406570133,0.13333333333333333,0.21250000000000013,-0.03071143026074342,0.004572918735893439,0.013753425554780683,Random,480,10,891589585,2115748631
480,1911,0.016623173277661794,7.9625,0.3410280940465191,0.19216596895168303,6.0,8.0,10.0,13.0,0.01846774174899175,0.0,0.0,0.027777777777777776,0.017313432835820895,87,1,1.0,0.0,1,0.0005232862375719519,0.0020833333333333333,5.0,4.779166666666667,13,0.3173866575974672,0.16041666666666668,0.2432692307692308,0.005719527677252607,0.00466196662428484,0.012997515134337945,Random,480,11,1697173121,3538196763
120,464,0.06498599439775911,7.733333333333333,0.7979494938704662,0.32291666666666674,4.0,6.0,8.0,19.049999999999997,0.16816113128828541,0.07608830038450601,0.13484848484848483,0.2,0.12146422628951747,219,1,1.0,0.0,0,0.0,0.0,4.0,4.0,7,0.2887443333828775,0.2,0.15952380952380962,-0.12686696888592652,0.012285408072055233,0.052339283810336625,Preferential,120,0,2940781154,214677170
120,464,0.06498599439775911,7.733333333333333,0.8076693727606616,0.3322377873563218,4.0,5.5,8.0,18.0,0.16970626671784494,0.06196581196581196,0.14194139194139194,0.24107142857142855,0.12076852698993595,220,1,1.0,0.0,0,0.0,0.0,4.0,4.0,7,0.2885306740487515,0.19166666666666668,0.1071428571428572,-0.12515938243307143,0.012905565745307114,0.05570928013243768,Preferential,120,1,1842342638,3171535915
120,464,0.06498599439775911,7.733333333333333,0.8292906299183612,0.34660560344827585,4.0,5.0,8.25,20.14999999999999,0.18574689372984501,0.08786389049546944,0.1611111111111111,0.2,0.12070815450643776,225,1,1.0,0.0,1,0.0021551724137931034,0.008333333333333333,4.0,3.975,7,0.29430179845422116,0.225,0.2523809523809524,-0.1641215925026055,0.012156700019875073,0.040252378713480474,Preferential,120,2,249445348,24671089
120,464,0.06498599439775911,7.733333333333333,0.7239711425326123,0.3264547413793104,4.0,6.0,9.0,19.099999999999994,0.16118730810576648,0.07023809523809524,0.13376623376623376,0.2,0.12287712287712288,205,1,1.0,0.0,0,0.0,0.0,4.0,4.0,8,0.2972047785374554,0.175,0.13541666666666674,-0.08439514152524334,0.012587824243240033,0.05695886475648879,Preferential,120,3,1480057687,1560250238
120,464,0.06498599439775911,7.733333333333333,0.7348600698333214,0.3294360632183908,4.0,5.0,9.25,21.099999999999994,0.15804246163426372,0.07673992673992674,0.14026915113871635,0.2,0.11438166732516791,193,1,1.0,0.0,0,0.0,0.0,4.0,4.0,9,0.2907973208977408,0.2,0.1518518518518519,-0.13048430618757953,0.011721595137809201,0.0678349534775114,Preferential,120,4,862410319,3225126402
120,464,0.06498599439775911,7.733333333333333,0.7429689253387551,0.3358297413793103,4.0,6.0,9.0,19.099999999999994,0.13631018535067546,0.06278280542986425,0.11607142857142858,0.17023809523809524,0.11047992164544564,188,1,1.0,0.0,0,0.0,0.0,4.0,3.9833333333333334,6,0.3070470422116528,0.21666666666666667,0.1416666666666666,-0.15739089796704375,0.012962975173287176,0.05809604243580163,Preferential,120,5,2097845682,996817203
120,464,0.06498599439775911,7.733333333333333,0.7622244926332633,0.3340158045977011,4.0,5.0,9.0,22.049999999999997,0.16217520053202678,0.04027777777777778,0.12916055718475072,0.22619047619047616,0.12900748704165868,224,1,1.0,0.0,0,0.0,0.0,4.0,3.9833333333333334,8,0.2980245801129608,0.20833333333333334,0.21666666666666656,-0.09434019482465673,0.012318199510658205,0.06421094661366654,Preferential,120,6,3920559007,2359008064
120,464,0.06498599439775911,7.733333333333333,0.8286182501721951,0.32693965517241375,4.0,6.0,8.0,16.299999999999983,0.16363613271763297,0.07220496894409938,0.1547008547008547,0.23968253968253966,0.11542591267000715,215,1,1.0,0.0,0,0.0,0.0,4.0,4.0,8,0.28945033813912013,0.175,0.12291666666666656,-0.14691122973968718,0.01199194773060977,0.04665612780272578,Preferential,120,7,794770715,551655815
120,464,0.06498599439775911,7.733333333333333,0.7911097505002098,0.3393498563218391,4.0,5.5,8.0,19.19999999999999,0.1617475383343749,0.06190476190476191,0.12796384901648059,0.20357142857142857,0.11731843575418995,210,1,1.0,0.0,0,0.0,0.0,4.0,4.0,8,0.29806638302615934,0.175,0.1166666666666667,-0.14508814838991832,0.011707311641872125,0.0626880740157354,Preferential,120,8,2197879220,3247398610
120,464,0.06498599439775911,7.733333333333333,0.7696832509400511,0.32474856321839085,4.0,6.0,8.0,18.049999999999997,0.1458108043934633,0.047619047619047616,0.12104562104562105,0.2,0.11714285714285715,205,1,1.0,0.0,0,0.0,0.0,4.0,4.0,7,0.27730194708680145,0.18333333333333332,0.10952380952380958,-0.11052798844764286,0.011667927868250827,0.04999141070163401,Preferential,120,9,4085412147,3312290770
120,464,0.06498599439775911,7.733333333333333,0.807496829472172,0.3372844827586208,4.0,5.0,8.0,21.049999999999997,0.14526835411741967,0.05281385281385281,0.11467236467236466,0.2,0.10486822840409957,191,1,1.0,0.0,0,0.0,0.0,4.0,4.0,8,0.2834934230083234,0.175,0.16874999999999996,-0.12614476219738224,0.012255779690823428,0.06976780676732197,Preferential,120,10,949468294,2295746518
120,464,0.06498599439775911,7.733333333333333,0.809737024441569,0.3441091954022988,4.0,5.0,9.0,20.14999999999999,0.17823862347209068,0.0724025974025974,0.16575091575091574,0.2,0.11612196457914917,212,1,1.0,0.0,0,0.0,0.0,4.0,4.0,7,0.29283405172413796,0.21666666666666667,0.18095238095238098,-0.17595085574209443,0.012029402593600518,0.0539672691477838,Preferential,120,11,3391387583,4242856380
240,944,0.03291492329149233,7.866666666666666,0.8605868570811824,0.3432070974576271,4.0,5.0,8.0,22.0,0.08463706322133846,0.0,0.06666666666666667,0.13333333333333333,0.06259389083625438,250,1,1.0,0.0,0,0.0,0.0,4.0,4.0,9,0.31251178271330077,0.15833333333333333,0.1342592592592593,-0.10852904157389667,0.006976059445897417,0.03454162844499734,Preferential,240,0,2869038413,1614127923
240,944,0.03291492329149233,7.866666666666666,0.8983300684085734,0.3507503531073446,4.0,6.0,8.0,21.049999999999983,0.10597485202910573,0.0,0.07194616977225674,0.16666666666666666,0.07551102204408817,314,1,1.0,0.0,0,0.0,0.0,4.0,4.0,8,0.3197115816216604,0.17083333333333334,0.16770833333333335,-0.1036013026086102,0.006996096958728452,0.027878383334721955,Preferential,240,1,1847138842,3286984846
240,944,0.03291492329149233,7.866666666666666,0.9146704431294457,0.3563824152542372,4.0,5.0,8.0,21.0,0.11422519501051591,0.0,0.0898989898989899,0.16666666666666666,0.07656557699881843,324,1,1.0,0.0,0,0.0,0.0,4.0,4.0,9,0.3212147191898879,0.2,0.20277777777777772,-0.11104018150326711,0.007106919001379306,0.026847159976887473,Preferential,240,2,375912958,636206088
240,944,0.03291492329149233,7.866666666666666,0.8898204196361079,0.35199064265536717,4.0,5.0,8.0,21.099999999999966,0.1125447797725459,0.027777777777777776,0.09307359307359307,0.16666666666666666,0.07231839508170199,298,1,1.0,0.0,0,0.0,0.0,4.0,4.0,9,0.3188901581801207,0.2,0.2231481481481481,-0.133157819245445,0.006923268648741159,0.031075525186533462,Preferential,240,3,3189574065,1947048935
240,944,0.03291492329149233,7.866666666666666,0.8952518466907287,0.34964247881355925,4.0,5.0,8.0,22.0,0.09188732980576729,0.0,0.06666666666666667,0.1488095238095238,0.06466141225671546,268,1,1.0,0.0,0,0.0,0.0,4.0,4.0,10,0.3136042085607584,0.17916666666666667,0.2274999999999998,-0.12345639423368786,0.007405754807168125,0.03218923423538886,Preferential,240,4,401553772,136775787
240,944,0.03291492329149233,7.866666666666666,0.880311269738632,0.3450035310734463,4.0,5.0,9.0,21.049999999999983,0.09653028536694354,0.0,0.06666666666666667,0.16666666666666666,0.06692816866879137,273,1,1.0,0.0,0,0.0,0.0,4.0,4.0,11,0.305616651106004,0.15416666666666667,0.26363636363636367,-0.10756720995131334,0.007037660596527352,0.034054115475003865,Preferential,240,5,484268506,1476261905
240,944,0.03291492329149233,7.866666666666666,0.9114258049830954,0.35702242231638426,4.0,5.0,8.0,22.14999999999995,0.10296798179565929,0.0,0.06666666666666667,0.16666666666666666,0.0678207256343372,286,1,1.0,0.0,0,0.0,0.0,4.0,4.0,11,0.30934167175380634,0.17083333333333334,0.22196969696969715,-0.15570248484007482,0.007261489992560092,0.03683604084568865,Preferential,240,6,2080524343,2109503728
240,944,0.03291492329149233,7.866666666666666,0.8305679241953046,0.3382812500000001,4.0,6.0,8.0,19.049999999999983,0.10041315477802287,0.0,0.06873496873496873,0.14285714285714285,0.07367514002585093,285,1,1.0,0.0,0,0.0,0.0,4.0,3.9916666666666667,9,0.3173494281456478,0.19166666666666668,0.23425925925925917,-0.0676388818356096,0.007081643693282873,0.027408971500719557,Preferential,240,7,3894383522,3008577749
240,944,0.03291492329149233,7.866666666666666,0.9006505197938549,0.34739583333333335,4.0,5.0,8.0,22.0,0.11274912017602959,0.0,0.09090909090909091,0.16666666666666666,0.08036142651527267,335,1,1.0,0.0,0,0.0,0.0,4.0,3.9916666666666667,10,0.314238791834243,0.14166666666666666,0.1858333333333333,-0.07970563488655397,0.00716682939170159,0.027418924631310668,Preferential,240,8,3807146909,2127873028
240,944,0.03291492329149233,7.866666666666666,0.9259371441647547,0.35477577683615813,4.0,5.0,8.0,21.0,0.11489027675833126,0.0,0.09523809523809523,0.16666666666666666,0.0733130982955872,314,1,1.0,0.0,0,0.0,0.0,4.0,4.0,10,0.3138746498850905,0.16666666666666666,0.2091666666666665,-0.12369429519296406,0.006660696501380781,0.02911750399244687,Preferential,240,9,945100164,75900664
240,944,0.03291492329149233,7.866666666666666,0.9656602098604794,0.3597810734463276,4.0,5.0,8.0,21.099999999999966,0.1218583999363854,0.03373015873015873,0.1,0.16666666666666666,0.07831729693443723,350,1,1.0,0.0,0,0.0,0.0,4.0,4.0,9,0.304335701845734,0.15833333333333333,0.13148148148148153,-0.11877960191782742,0.006980423539044868,0.02962183198084356,Preferential,240,10,4108874552,596459884
240,944,0.03291492329149233,7.866666666666666,0.8895177012735934,0.3505693855932204,4.0,5.0,8.0,20.049999999999983,0.09686325555316504,0.0,0.06666666666666667,0.16666666666666666,0.06530182877488266,269,1,1.0,0.0,0,0.0,0.0,4.0,4.0,9,0.30145454790290144,0.14166666666666666,0.11296296296296293,-0.13631059191706923,0.00677228412622433,0.0329889046704603,Preferential,240,11,4057505301,1772349653
480,1904,0.016562282533054976,7.933333333333334,1.0291952267538789,0.35204722514005593,4.0,6.0,8.0,18.049999999999955,0.06423929672548488,0.0,0.029256146903205726,0.09523809523809523,0.043560152049587346,424,1,1.0,0.0,0,0.0,0.0,4.0,4.0,12,0.3135850387949297,0.1375,0.23472222222222228,-0.087899082353384,0.003982128222492053,0.013948564535957593,Preferential,480,0,602820454,3137614237
480,1904,0.016562282533054976,7.933333333333334,1.003630159787134,0.36632856267506986,4.0,5.0,8.0,23.049999999999955,0.06069177290143194,0.0,0.027777777777777776,0.1,0.040223817567567564,381,1,1.0,0.0,0,0.0,0.0,4.0,4.0,11,0.3134022910634842,0.14791666666666667,0.19431818181818183,-0.10112778525695774,0.004038043567402779,0.019850366743275272,Preferential,480,1,387042941,2839011152
480,1904,0.016562282533054976,7.933333333333334,1.0780177186957112,0.3600216649159662,4.0,5.0,8.0,19.0,0.07389830724625963,0.0,0.03571428571428571,0.10151515151515152,0.04487075272313445,460,1,1.0,0.0,0,0.0,0.0,4.0,3.995833333333333,11,0.3151685306475532,0.17708333333333334,0.2261363636363638,-0.087241121948422,0.003798256764928519,0.012696133025628555,Preferential,480,2,1830194848,1449529833
480,1904,0.016562282533054976,7.933333333333334,1.0734636300127274,0.35930606617647043,4.0,5.0,8.0,20.0,0.06707808636288232,0.0,0.03571428571428571,0.1,0.04449962426895808,454,1,1.0,0.0,0,0.0,0.0,4.0,4.0,12,0.3153961032942589,0.12083333333333333,0.17847222222222237,-0.08089321874171197,0.004006549862331858,0.013860411339536612,Preferential,480,3,3302325303,2446852249
480,1904,0.016562282533054976,7.933333333333334,0.955268063766915,0.35033591561624644,4.0,6.0,8.0,21.09999999999991,0.0563436472708943,0.0,0.018614718614718615,0.09523809523809523,0.0405780989438577,365,1,1.0,0.0,0,0.0,0.0,4.0,4.0,11,0.31658154989937154,0.12708333333333333,0.14659090909090922,-0.08180947002628716,0.004207072200338135,0.019153647318680612,Preferential,480,4,1845358069,3861175218
480,1904,0.016562282533054976,7.933333333333334,1.0385123368250038,0.3605238970588234,4.0,5.0,8.0,19.09999999999991,0.06359784380087129,0.0,0.03571428571428571,0.1,0.04099416790994168,403,1,1.0,0.0,0,0.0,0.0,4.0,4.0,11,0.3184730234005367,0.13125,0.11212121212121229,-0.11694141564392294,0.0040482126717552355,0.015724492902764526,Preferential,480,5,3802990250,2035255274
480,1904,0.016562282533054976,7.933333333333334,0.9311937761494626,0.3491738883053219,4.0,6.0,8.0,21.0,0.047034033782372996,0.0,0.0,0.06666666666666667,0.03878474466709761,340,1,1.0,0.0,0,0.0,0.0,4.0,4.0,13,0.3104777756690912,0.11666666666666667,0.13589743589743586,-0.06156240320125744,0.004169191618448848,0.01649904555943865,Preferential,480,6,1410193235,41639175
480,1904,0.016562282533054976,7.933333333333334,0.9226588444634984,0.352987132352941,4.0,5.0,8.0,22.0,0.05273417283128749,0.0,0.020256410256410257,0.0725296442687747,0.04167306216423638,362,1,1.0,0.0,0,0.0,0.0,4.0,4.0,11,0.32197736631417273,0.14791666666666667,0.15795454545454546,-0.07139183431159735,0.004167150399731705,0.019851966645367272,Preferential,480,7,252701051,3250449408
480,1904,0.016562282533054976,7.933333333333334,1.0065941403036045,0.35593706232492983,4.0,6.0,8.0,20.0,0.05993072129812601,0.0,0.030126566846078822,0.1,0.04220164175962955,401,1,1.0,0.0,0,0.0,0.0,4.0,4.0,12,0.3165892735770779,0.13541666666666666,0.2020833333333334,-0.08917850447455576,0.004122811180540282,0.015645627622796136,Preferential,480,8,3547824893,2339050274
480,1904,0.016562282533054976,7.933333333333334,1.0243594935410256,0.35929840686274495,4.0,5.0,8.0,22.0,0.06116094834110107,0.0,0.022222222222222223,0.1,0.04182300092940002,405,1,1.0,0.0,0,0.0,0.0,4.0,3.997916666666667,12,0.312730744871478,0.17916666666666667,0.2319444444444445,-0.0785698363289789,0.004056890708893355,0.013298812455280416,Preferential,480,9,582446096,4087498051
480,1904,0.016562282533054976,7.933333333333334,1.0196631522228945,0.3655276172969186,4.0,5.0,8.0,20.09999999999991,0.06142098952248121,0.0,0.027777777777777776,0.1,0.04078737978274407,393,1,1.0,0.0,0,0.0,0.0,4.0,4.0,11,0.3182167628080644,0.16875,0.22992424242424248,-0.09870477367867367,0.004056093260859488,0.01719027267074389,Preferential,480,10,483568903,2390248852
480,1904,0.016562282533054976,7.933333333333334,0.9299843807179514,0.355406381302521,4.0,5.0,8.0,21.049999999999955,0.054568020737832644,0.0,0.017543859649122806,0.08815628815628816,0.037235865219874355,326,1,1.0,0.0,0,0.0,0.0,4.0,4.0,11,0.3175945929842525,0.175,0.2526515151515152,-0.09470899974266224,0.004213106979619132,0.018554170586937636,Preferential,480,11,3094493103,3122397672
120,480,0.06722689075630252,8.0,0.10077822185373188,0.04901041666666672,8.0,8.0,8.0,9.0,0.5239814814814815,0.45932539682539686,0.5277777777777778,0.6071428571428571,0.5154457193292145,584,1,1.0,0.0,0,0.0,0.0,6.0,6.0,8,0.6606510416666667,0.15,0.09791666666666665,0.0027180021662262946,0.019576436761861,0.0584236422991359,Small-world,120,0,1893807657,2175864504
120,480,0.06722689075630252,8.0,0.09547032697824667,0.049253472222222205,8.0,8.0,8.0,9.0,0.4908597883597884,0.4166666666666667,0.5,0.5714285714285714,0.4824742268041237,546,1,1.0,0.0,0,0.0,0.0,6.0,6.0,7,0.6568706597222222,0.175,0.0714285714285714,-0.04119154626156046,0.01904559250388786,0.04890527742941962,Small-world,120,1,3938105810,1372783880
120,480,0.06722689075630252,8.0,0.08838834764831845,0.04083333333333328,8.0,8.0,8.0,9.0,0.5236790524290524,0.42857142857142855,0.5634920634920635,0.6071428571428571,0.515929203539823,583,1,1.0,0.0,0,0.0,0.0,6.0,6.0,8,0.6668988715277777,0.15833333333333333,0.1020833333333333,-0.019490254872563718,0.02058189541520315,0.06495679532154205,Small-world,120,2,472990764,1792991349
120,480,0.06722689075630252,8.0,0.1033299730636437,0.05281249999999993,8.0,8.0,8.0,9.0,0.4991239778739779,0.42857142857142855,0.5,0.5714285714285714,0.48867980005880624,554,1,1.0,0.0,0,0.0,0.0,6.0,6.0,8,0.6557921006944444,0.175,0.12291666666666656,0.0014797020783932414,0.01985395726960155,0.0508069139282268,Small-world,120,3,483107287,1000924205
120,480,0.06722689075630252,8.0,0.08690272339422588,0.044496527777777795,8.0,8.0,8.0,9.0,0.516494708994709,0.42857142857142855,0.5238095238095238,0.6071428571428571,0.5107701386839776,577,1,1.0,0.0,0,0.0,0.0,6.0,6.0,6,0.6681119791666666,0.20833333333333334,0.1138888888888887,-0.04669785285787956,0.020894646229592397,0.06276490985870324,Small-world,120,4,3032227687,876052893
120,480,0.06722689075630252,8.0,0.10077822185373188,0.05234375000000013,8.0,8.0,8.0,9.0,0.5064153439153439,0.4444444444444444,0.5238095238095238,0.6017857142857143,0.4960282436010591,562,1,1.0,0.0,0,0.0,0.0,6.0,6.0,8,0.6532855902777778,0.175,0.12916666666666665,-0.02940292225362308,0.020115942854828487,0.055871867175860755,Small-world,120,5,4068640959,4067682853
120,480,0.06722689075630252,8.0,0.11296201426438299,0.05743055555555565,7.75,8.0,8.0,9.0,0.4788443963443963,0.4166666666666667,0.4722222222222222,0.5714285714285714,0.4664124376650044,530,1,1.0,0.0,0,0.0,0.0,6.0,6.0,8,0.6474956597222222,0.175,0.12916666666666665,0.019459749897353256,0.01860430153910645,0.05303608761434985,Small-world,120,6,2217775048,1270561981
120,480,0.06722689075630252,8.0,0.08984941105353261,0.04446180555555568,8.0,8.0,8.0,9.0,0.5294973544973545,0.47023809523809523,0.5714285714285714,0.6071428571428571,0.5228546151577705,591,1,1.0,0.0,0,0.0,0.0,7.0,6.983333333333333,7,0.662697482638889,0.2,0.14761904761904776,-0.05623373689538922,0.02106143805362693,0.055636576833563677,Small-world,120,7,2210793789,1878796214
120,480,0.06722689075630252,8.0,0.10206207261596575,0.05196180555555552,8.0,8.0,8.0,9.049999999999997,0.5004563492063492,0.39285714285714285,0.5297619047619048,0.6071428571428571,0.48970588235294116,555,1,1.0,0.0,0,0.0,0.0,6.0,6.0,7,0.6600173611111111,0.18333333333333332,0.11904761904761907,-0.031729785056294785,0.019734374402754228,0.05346073409026377,Small-world,120,8,3304864628,3656406546
120,480,0.06722689075630252,8.0,0.10206207261596575,0.051701388888888866,8.0,8.0,8.0,9.0,0.5227843915343915,0.4642857142857143,0.5238095238095238,0.6071428571428571,0.5117647058823529,580,1,1.0,0.0,0,0.0,0.0,6.0,5.991666666666666,7,0.662326388888889,0.19166666666666668,0.13809523809523805,0.005364806866952845,0.019399486614295577,0.05335981398712465,Small-world,120,9,4094406772,2918557585
120,480,0.06722689075630252,8.0,0.09270248108869579,0.047690972222222294,8.0,8.0,8.0,9.0,0.513941798941799,0.42857142857142855,0.5257936507936508,0.6071428571428571,0.5057471264367817,572,1,1.0,0.0,0,0.0,0.0,6.0,6.0,8,0.6604383680555556,0.15,0.06875000000000009,-0.05451679919765027,0.01947534595124382,0.04712562593063878,Small-world,120,10,1345967449,1475680356
120,480,0.06722689075630252,8.0,0.08690272339422588,0.04279513888888897,8.0,8.0,8.0,9.0,0.5355886243386242,0.4722222222222222,0.5357142857142857,0.6071428571428571,0.5275892593685453,596,1,1.0,0.0,0,0.0,0.0,6.0,6.0,7,0.6756467013888888,0.19166666666666668,0.11428571428571432,-0.025650554167169607,0.0209950894403302,0.057680917973452275,Small-world,120,11,434071147,3836610547
240,960,0.03347280334728033,8.0,0.1033299730636437,0.0524696180555555,8.0,8.0,8.0,9.0,0.49223695286195285,0.4166666666666667,0.5,0.5714285714285714,0.48250514554542784,1094,1,1.0,0.0,0,0.0,0.0,6.0,6.0,10,0.7385872395833333,0.12916666666666668,0.10666666666666669,0.006072733489953442,0.012137749844329526,0.03689672954683503,Small-world,240,0,3114972694,804274634
240,960,0.03347280334728033,8.0,0.08539125638299665,0.042000868055555474,8.0,8.0,8.0,9.0,0.5050165343915344,0.42857142857142855,0.5119047619047619,0.5714285714285714,0.4980814639905549,1125,1,1.0,0.0,0,0.0,0.0,6.0,6.0,9,0.7389898003472222,0.14166666666666666,0.11018518518518516,-0.011762954139368861,0.012574297182465484,0.03943935379164337,Small-world,240,1,3483513442,2412356776
240,960,0.03347280334728033,8.0,0.09682458365518543,0.04929253472222217,8.0,8.0,8.0,9.0,0.5013128306878306,0.42857142857142855,0.5238095238095238,0.6071428571428571,0.4911660777385159,1112,1,1.0,0.0,0,0.0,0.0,6.0,6.0,10,0.7451236979166667,0.15416666666666667,0.15916666666666668,0.02173913043478289,0.01220659813671685,0.038357970529022595,Small-world,240,2,3594111927,1223083502
240,960,0.03347280334728033,8.0,0.08615030470056388,0.04305121527777778,8.0,8.0,8.0,9.0,0.5260978835978836,0.4642857142857143,0.5714285714285714,0.6071428571428571,0.5192563081009296,1173,1,1.0,0.0,0,0.0,0.0,6.0,6.0,11,0.7488189019097222,0.125,0.11363636363636376,-0.007284247059060595,0.013313578197365384,0.04354254051912549,Small-world,240,3,4090323538,336101166
240,960,0.03347280334728033,8.0,0.09270248108869579,0.0465234375000001,8.0,8.0,8.0,9.0,0.5256150793650793,0.4642857142857143,0.5357142857142857,0.6071428571428571,0.517683465959328,1171,1,1.0,0.0,0,0.0,0.0,6.0,6.0,12,0.749560546875,0.12083333333333333,0.11388888888888893,-0.004819906451076578,0.013061625244791947,0.038251502750201824,Small-world,240,4,47475436,1690073605
240,960,0.03347280334728033,8.0,0.10458250331675945,0.05284288194444442,8.0,8.0,8.0,9.0,0.5144853294853294,0.4444444444444444,0.5357142857142857,0.6071428571428571,0.5022045855379189,1139,1,1.0,0.0,0,0.0,0.0,6.0,6.0,11,0.7427392578124999,0.15,0.1371212121212122,-0.043880575435552835,0.01284374933736206,0.03956902866355408,Small-world,240,5,2862119759,2635658134
240,960,0.03347280334728033,8.0,0.10013012367248264,0.048433159722222285,8.0,8.0,8.0,9.0,0.5223325517075517,0.42857142857142855,0.5357142857142857,0.6071428571428571,0.5111078416948653,1158,1,1.0,0.0,0,0.0,0.0,6.0,6.0,11,0.7459434678819444,0.12916666666666668,0.11363636363636376,-0.026595547354719928,0.012584166276064417,0.03775247739370595,Small-world,240,6,1847820583,4049478749
240,960,0.03347280334728033,8.0,0.10458250331675945,0.053033854166666616,8.0,8.0,8.0,9.0,0.4645018638768639,0.38095238095238093,0.4642857142857143,0.5714285714285714,0.458994708994709,1041,1,1.0,0.0,0,0.0,0.0,6.0,6.0,10,0.7217480468749999,0.125,0.10999999999999988,-0.019729549988916337,0.01189112214010392,0.030948067930723647,Small-world,240,7,3557289451,4051935960
240,960,0.03347280334728033,8.0,0.0919975090242484,0.044978298611111134,8.0,8.0,8.0,9.0,0.5257572751322751,0.4444444444444444,0.5357142857142857,0.6071428571428571,0.5177597641857038,1171,1,1.0,0.0,0,0.0,0.0,6.0,6.0,10,0.7526524522569444,0.1375,0.13249999999999984,-0.026452959379851197,0.013376771009417292,0.04494537114574412,Small-world,240,8,1505707253,2165412616
240,960,0.03347280334728033,8.0,0.10395812458228874,0.05322048611111119,8.0,8.0,8.0,9.0,0.516167328042328,0.42857142857142855,0.5357142857142857,0.6071428571428571,0.5031603704248125,1141,1,1.0,0.0,0,0.0,0.0,6.0,5.995833333333334,11,0.7472981770833333,0.12916666666666668,0.1575757575757577,-0.038683335707460784,0.012529538613228546,0.0373139749894438,Small-world,240,9,801203126,3359509638
240,960,0.03347280334728033,8.0,0.10077822185373188,0.05200086805555548,7.0,8.0,8.0,9.0,0.48183050745550743,0.39186507936507936,0.5,0.5714285714285714,0.471315092674316,1068,1,1.0,0.0,0,0.0,0.0,6.0,6.0,12,0.7279752604166667,0.12916666666666668,0.14097222222222228,-0.04508865963537199,0.011728635481630556,0.034699749156677874,Small-world,240,10,3946541615,2377382312
240,960,0.03347280334728033,8.0,0.09270248108869579,0.04608506944444435,8.0,8.0,8.0,9.0,0.5001917989417989,0.42857142857142855,0.5,0.6017857142857143,0.4920424403183024,1113,1,1.0,0.0,0,0.0,0.0,6.0,6.0,9,0.7414268663194444,0.12083333333333333,0.040740740740740744,-0.027457090917675887,0.012318098968248826,0.03359748522740304,Small-world,240,11,3549599552,2040750255
480,1920,0.016701461377870562,8.0,0.0978279740156158,0.04817382812499993,8.0,8.0,8.0,9.0,0.49957040644540646,0.42857142857142855,0.5,0.6,0.4906160300287039,2222,1,1.0,0.0,0,0.0,0.0,6.0,6.0,18,0.7927322048611111,0.08333333333333333,0.11967592592592591,-0.02225453851930417,0.007593796052761139,0.02168989116528302,Small-world,480,0,4121514435,2998112472
480,1920,0.016701461377870562,8.0,0.09882117688026186,0.049561631944444295,8.0,8.0,8.0,9.0,0.49103595478595474,0.4166666666666667,0.5,0.5714285714285714,0.48079470198675495,2178,1,1.0,0.0,0,0.0,0.0,6.0,5.995833333333334,15,0.7879832628038195,0.09166666666666666,0.11277777777777787,-0.04352399737015122,0.007525641732643363,0.022969362739061125,Small-world,480,1,3773147989,1781742788
480,1920,0.016701461377870562,8.0,0.10269797953221865,0.05033420138888878,8.0,8.0,8.0,9.0,0.5083776408776408,0.42857142857142855,0.5238095238095238,0.6071428571428571,0.49823555359505955,2259,1,1.0,0.0,0,0.0,0.0,6.0,6.0,14,0.7972479926215278,0.08958333333333333,0.10089285714285712,0.03973031991917028,0.007836124365482238,0.024866487598330985,Small-world,480,2,3025593014,601454568
480,1920,0.016701461377870562,8.0,0.09478594305064438,0.04743381076388875,8.0,8.0,8.0,9.0,0.5091115019240019,0.42857142857142855,0.5333333333333333,0.6071428571428571,0.49977905435262926,2262,1,1.0,0.0,0,0.0,0.0,6.0,6.0,14,0.7968646918402778,0.09583333333333334,0.11875000000000013,-0.013524615707138301,0.00798039045295769,0.02595415527619173,Small-world,480,3,1964853902,27630759
480,1920,0.016701461377870562,8.0,0.09749465797331325,0.04815212673611091,8.0,8.0,8.0,9.0,0.5093541065416065,0.42857142857142855,0.5357142857142857,0.6071428571428571,0.4994847637273664,2262,1,1.0,0.0,0,0.0,0.0,6.0,5.995833333333334,14,0.7978328450520833,0.1,0.1523809523809525,-0.01655439624027971,0.0078112718735826115,0.024431132240827345,Small-world,480,4,4277206545,1221053847
480,1920,0.016701461377870562,8.0,0.1011007129879244,0.051287977430555465,8.0,8.0,8.0,9.0,0.5058250661375662,0.42857142857142855,0.5119047619047619,0.6071428571428571,0.4962123997940722,2249,1,1.0,0.0,0,0.0,0.0,6.0,5.99375,16,0.7925796169704861,0.08333333333333333,0.10416666666666674,-0.013983185920706681,0.007481756068208391,0.025280292456677837,Small-world,480,5,2297622706,508793202
480,1920,0.016701461377870562,8.0,0.0919975090242484,0.043976779513888786,8.0,8.0,8.0,9.0,0.5195075757575758,0.4444444444444444,0.5357142857142857,0.6071428571428571,0.5124539425202653,2318,1,1.0,0.0,0,0.0,0.0,6.0,5.99375,16,0.8035649956597222,0.09166666666666666,0.12526041666666665,-0.03404632582975806,0.008149913393260546,0.0285340496327671,Small-world,480,6,2828409910,4052688889
480,1920,0.016701461377870562,8.0,0.09581068572972433,0.04717013888888877,8.0,8.0,8.0,9.0,0.5194089706589706,0.42857142857142855,0.5357142857142857,0.6071428571428571,0.5100508062734703,2309,1,1.0,0.0,0,0.0,0.0,6.0,5.997916666666667,15,0.8008893500434028,0.10208333333333333,0.15999999999999992,-0.02578036125714076,0.008045508383566009,0.02397277299263953,Small-world,480,7,4237599899,2704062497
480,1920,0.016701461377870562,8.0,0.09682458365518543,0.04891276041666659,8.0,8.0,8.0,9.0,0.4964550264550264,0.42857142857142855,0.5,0.5714285714285714,0.4876325088339223,2208,1,1.0,0.0,0,0.0,0.0,6.0,6.0,16,0.7931571451822916,0.09375,0.13020833333333326,0.022838214783821562,0.007502849348298825,0.023323433664851012,Small-world,480,8,2420951482,3232459946
480,1920,0.016701461377870562,8.0,0.08838834764831845,0.04462565104166649,8.0,8.0,8.0,9.0,0.524970238095238,0.4444444444444444,0.5357142857142857,0.6071428571428571,0.5163716814159292,2334,1,1.0,0.0,0,0.0,0.0,6.0,6.0,15,0.8051559787326389,0.08541666666666667,0.0886111111111112,0.010886469673405908,0.007900463923534922,0.02588629647922397,Small-world,480,9,2531017556,869097812
480,1920,0.016701461377870562,8.0,0.09092980351164665,0.04540907118055548,8.0,8.0,8.0,9.0,0.5082953042328042,0.42857142857142855,0.5333333333333333,0.6071428571428571,0.49885752192820815,2256,1,1.0,0.0,0,0.0,0.0,6.0,6.0,16,0.7963505045572916,0.07916666666666666,0.08802083333333344,-0.010383911982448825,0.007845768599862893,0.022933794606092076,Small-world,480,10,4054001000,2205823808
480,1920,0.016701461377870562,8.0,0.10077822185373188,0.0501562499999999,8.0,8.0,8.0,9.0,0.4991271344396344,0.42857142857142855,0.5,0.6071428571428571,0.4883053839364519,2213,1,1.0,0.0,0,0.0,0.0,6.0,5.995833333333334,15,0.7890585666232639,0.10416666666666667,0.1711111111111112,-0.0187106079465751,0.007402234271444996,0.021177819484260955,Small-world,480,11,594743171,3299511771
120,506,0.07086834733893557,8.433333333333334,0.34015067152490375,0.18932806324110674,7.0,8.0,10.0,13.099999999999994,0.15483012358012357,0.09523809523809523,0.14285714285714285,0.19583333333333333,0.14806110458284372,210,1,1.0,0.0,0,0.0,0.0,6.0,5.591666666666667,4,0.49209290880969864,0.275,0.03333333333333344,0.05280317833892928,0.013243096653864866,0.03475866981137908,Block,120,0,2475962286,3214421869
120,522,0.073109243697479,8.7,0.3107702490711673,0.17354725415070238,7.0,8.0,11.0,13.0,0.12899838043220396,0.075,0.13333333333333333,0.17857142857142858,0.126514131897712,188,1,1.0,0.0,0,0.0,0.0,6.0,5.75,4,0.47141667033660695,0.275,0.03333333333333344,0.006812553429631465,0.01300132675266686,0.03202569505603108,Block,120,1,3720812612,1730420868
120,466,0.06526610644257703,7.766666666666667,0.3200519860515392,0.177736051502146,6.0,8.0,9.0,12.049999999999997,0.1431167906167906,0.08888888888888889,0.13636363636363635,0.17857142857142858,0.1345062429057889,158,1,1.0,0.0,1,0.002145922746781116,0.008333333333333333,5.0,4.875,4,0.5173815137504835,0.25833333333333336,0.02083333333333326,-0.000469882683895558,0.014078908540154134,0.035718863271728275,Block,120,2,3115312269,4283977243
120,484,0.06778711484593837,8.066666666666666,0.30897929659388634,0.17176308539944896,7.0,8.0,10.0,12.0,0.10865715303215302,0.05555555555555555,0.10714285714285714,0.14285714285714285,0.11547587661481677,146,1,1.0,0.0,0,0.0,0.0,5.0,4.825,4,0.4547866436718804,0.26666666666666666,0.04583333333333339,0.0019403905124247723,0.013460181386511401,0.03382221347371824,Block,120,3,1119661330,397731921
120,494,0.06918767507002802,8.233333333333333,0.34806042638788387,0.19775641025641022,6.0,8.0,10.0,13.0,0.13626757501757503,0.0724025974025974,0.14285714285714285,0.18181818181818182,0.13944909001475653,189,1,1.0,0.0,0,0.0,0.0,5.0,4.825,4,0.5037781310954121,0.275,0.03750000000000009,0.029139955041212272,0.013542092257717452,0.032860702265049786,Block,120,4,1409424006,2128429486
120,462,0.06470588235294118,7.7,0.3648711256399217,0.20247113997114008,6.0,8.0,10.0,12.0,0.132005217005217,0.07142857142857142,0.115995115995116,0.16666666666666666,0.1260857383020454,150,1,1.0,0.0,3,0.006493506493506494,0.025,5.0,4.708333333333333,4,0.48768295196866623,0.2833333333333333,0.03750000000000009,0.029891886779486145,0.014433408504421229,0.03599745573807166,Block,120,5,1081305211,4035948840
120,490,0.06862745098039216,8.166666666666666,0.3424681953208658,0.1919557823129252,6.0,8.0,10.0,13.049999999999997,0.14454846079846076,0.0724025974025974,0.1386946386946387,0.19093406593406592,0.1386586284853052,184,1,1.0,0.0,0,0.0,0.0,6.0,5.5,4,0.5036942940441483,0.25833333333333336,0.012499999999999956,0.052566834700245695,0.013813861886069676,0.034884502220202465,Block,120,6,726569408,105996916
120,479,0.06708683473389356,7.983333333333333,0.28836482960863524,0.16102992345163547,6.75,8.0,9.25,12.0,0.11773735523735525,0.07142857142857142,0.10811688311688311,0.14285714285714285,0.11384111384111384,139,1,1.0,0.0,0,0.0,0.0,5.0,4.925,4,0.4780401061710854,0.26666666666666666,0.02499999999999991,0.04592008206186813,0.013370401444524015,0.0349242891257333,Block,120,7,1949476380,838599728
120,481,0.06736694677871148,8.016666666666667,0.2853539224413091,0.1594767844767846,6.75,8.0,10.0,11.0,0.11345302845302845,0.06666666666666667,0.1111111111111111,0.14545454545454545,0.11791813499593386,145,1,1.0,0.0,0,0.0,0.0,5.0,4.908333333333333,4,0.47000790971684947,0.26666666666666666,0.02499999999999991,-0.018314205047070434,0.01372846362515303,0.031767349552801305,Block,120,8,450308712,972407608
120,451,0.06316526610644257,7.516666666666667,0.2989568115073338,0.1655764966740576,6.0,8.0,9.0,11.049999999999997,0.11545505420505421,0.06666666666666667,0.10714285714285714,0.16666666666666666,0.11104256631708821,120,1,1.0,0.0,0,0.0,0.0,5.0,4.825,4,0.5009193661781407,0.275,0.02499999999999991,-0.06154110471608931,0.014755025941683852,0.040193550692291725,Block,120,9,3597874810,3407641094
120,432,0.06050420168067227,7.2,0.3539169417336369,0.19857253086419746,5.0,7.0,9.0,12.0,0.10608049358049358,0.047619047619047616,0.09523809523809523,0.1520979020979021,0.10267275097783572,105,1,1.0,0.0,0,0.0,0.0,5.0,4.65,4,0.47049682784636493,0.26666666666666666,0.03333333333333344,-0.03140762660568988,0.014116828820428215,0.039800434602195185,Block,120,10,3624327782,1332626861
120,512,0.07170868347338935,8.533333333333333,0.27313040791270843,0.1541992187500001,7.0,8.0,10.0,12.049999999999997,0.1453508991008991,0.08173076923076923,0.14087301587301587,0.19583333333333333,0.13913459239780063,194,1,1.0,0.0,0,0.0,0.0,6.0,5.358333333333333,4,0.4876365661621094,0.25,0.0,0.012292424839270418,0.013332595037763621,0.030533090427777704,Block,120,11,2393130447,2579283942
240,981,0.034205020920502094,8.175,0.34784056361891175,0.19615613319741754,6.0,8.0,10.0,13.0,0.07075386419136419,0.01818181818181818,0.06666666666666667,0.09523809523809523,0.06817330503183919,182,1,1.0,0.0,1,0.0010193679918450561,0.004166666666666667,5.0,4.829166666666667,4,0.47976331127300464,0.2875,0.043749999999999956,-0.01101757778514452,0.008000334199898365,0.022047372790629634,Block,240,0,3573319511,462860172
240,908,0.03165969316596932,7.566666666666666,0.38350035497899293,0.21499174008810584,6.0,7.0,10.0,13.0,0.07415079133829133,0.021212121212121213,0.06666666666666667,0.10256410256410256,0.07442994406998422,173,1,1.0,0.0,3,0.003303964757709251,0.0125,5.0,4.75,4,0.5199287051951329,0.26666666666666666,0.03125,-0.05524995867921626,0.00868428208083339,0.02247236945801517,Block,240,1,1521806962,1251254204
240,968,0.03375174337517434,8.066666666666666,0.33002277667784174,0.1809486914600551,6.0,8.0,9.0,13.0,0.05955761447731261,0.0,0.047619047619047616,0.09090909090909091,0.05811988037966454,149,1,1.0,0.0,0,0.0,0.0,5.0,4.8875,4,0.4792049083054436,0.2875,0.04166666666666674,-0.05395024181221184,0.008071738927539202,0.021321942114378333,Block,240,2,1453891352,2386396443
240,977,0.03406555090655509,8.141666666666667,0.34714657429153706,0.1932190378710339,6.0,8.0,10.0,14.0,0.06496391272126566,0.01818181818181818,0.05555555555555555,0.09523809523809523,0.06275201612903226,166,1,1.0,0.0,0,0.0,0.0,5.0,4.854166666666667,5,0.501040303647139,0.26666666666666666,0.20833333333333348,0.007739442961604179,0.008361888996106598,0.021571978593336365,Block,240,3,721329537,891408348
240,906,0.03158995815899582,7.55,0.313830897646003,0.1754552980132451,6.0,7.0,9.0,12.0,0.058467157842157835,0.0,0.047619047619047616,0.08333333333333333,0.05765738498789346,127,1,1.0,0.0,0,0.0,0.0,5.0,4.8375,4,0.5017829383701494,0.26666666666666666,0.027083333333333348,-0.0412958420252225,0.00818055511648154,0.021919683017546595,Block,240,4,1036764710,3335615550
240,988,0.034449093444909346,8.233333333333333,0.3187471787628095,0.17893049932523608,7.0,8.0,10.0,13.0,0.06751702001702001,0.016017316017316017,0.05555555555555555,0.09523809523809523,0.06622350432710397,176,1,1.0,0.0,0,0.0,0.0,6.0,5.6375,4,0.4930435468537429,0.275,0.03541666666666665,-0.05457786810663854,0.007995906079161237,0.020781451046977015,Block,240,5,849934421,2644558340
240,933,0.03253138075313808,7.775,0.3612990091954621,0.20239371204001433,6.0,8.0,10.0,12.0,0.06485018453768454,0.0,0.047619047619047616,0.0893939393939394,0.058200330214639516,141,1,1.0,0.0,1,0.0010718113612004287,0.004166666666666667,5.0,4.775,4,0.49410790946238264,0.26666666666666666,0.03125,-0.032385612389495916,0.008369168218137322,0.024398643575810224,Block,240,6,3597279308,4186846401
240,957,0.033368200836820086,7.975,0.34585673345362083,0.19341692789968645,6.0,8.0,10.0,13.0,0.06257183788433787,0.0,0.054945054945054944,0.09523809523809523,0.06602530311017396,167,1,1.0,0.0,0,0.0,0.0,5.0,4.833333333333333,4,0.49811650173773186,0.2625,0.016666666666666607,0.032556904759206674,0.008297971921609162,0.023411012900785223,Block,240,7,3559269295,4101048078
240,947,0.03301952580195258,7.891666666666667,0.3432637397332568,0.19331221400915166,6.0,8.0,10.0,13.0,0.06661791911791912,0.027777777777777776,0.05525030525030525,0.09523809523809523,0.06520858647225597,161,1,1.0,0.0,2,0.0021119324181626186,0.008333333333333333,5.0,4.820833333333334,4,0.46992336160765563,0.2625,0.016666666666666607,-0.03551587844476602,0.008107405959385148,0.018973400017950358,Block,240,8,1622856636,3475970719
240,975,0.03399581589958159,8.125,0.3310374583284617,0.18702136752136744,6.0,8.0,10.0,13.0,0.07024977337477337,0.027777777777777776,0.06060606060606061,0.09523809523809523,0.06295585412667946,164,1,1.0,0.0,1,0.0010256410256410256,0.004166666666666667,5.0,4.8125,4,0.5156717948717948,0.26666666666666666,0.02499999999999991,-0.0639767623511037,0.008337370967313008,0.021963466123454414,Block,240,9,1903444210,1712795838
240,1017,0.035460251046025106,8.475,0.30861811258351696,0.17245165519501815,7.0,8.5,10.0,13.0,0.06624608779020544,0.027777777777777776,0.05555555555555555,0.09523809523809523,0.06232933634097115,175,1,1.0,0.0,0,0.0,0.0,6.0,5.670833333333333,4,0.4758877837819024,0.2625,0.02499999999999991,-0.004669015907602422,0.007906316384202725,0.020088555806595906,Block,240,10,1391808984,2524385772
240,998,0.03479776847977685,8.316666666666666,0.28831957999433827,0.15932698730794925,7.0,8.0,10.0,12.0,0.06018901237651237,0.022222222222222223,0.05555555555555555,0.08888888888888889,0.06156156156156156,164,2,0.9958333333333333,0.004166666666666667,0,0.0,0.0,6.0,5.725,5,0.4900246384552672,0.25833333333333336,0.20666666666666678,-0.03795663333012193,0.007689436089796411,0.01983604503675953,Block,240,11,3325780569,1225351752
480,1874,0.016301322199025747,7.808333333333334,0.32986221511176345,0.18327663642831715,6.0,8.0,9.0,12.0,0.028800391125758773,0.0,0.009661172161172162,0.047619047619047616,0.028430074559264162,136,1,1.0,0.0,0,0.0,0.0,5.0,4.825,4,0.46819093270946927,0.27291666666666664,0.043749999999999956,0.029090434697446037,0.0046843801559007915,0.013392187804962787,Block,480,0,3868712525,2383867055
480,1915,0.016657967988865693,7.979166666666667,0.351221036119039,0.19631636205395986,6.0,8.0,10.0,13.0,0.033856364564085153,0.0,0.022222222222222223,0.05555555555555555,0.033836065573770495,172,1,1.0,0.0,2,0.0010443864229765013,0.004166666666666667,5.0,4.795833333333333,4,0.47605737308182616,0.2708333333333333,0.028124999999999956,-0.029453219309321675,0.004697051261511035,0.013320627758387361,Block,480,1,3327488499,1011594058
480,1874,0.016301322199025747,7.808333333333334,0.33733939523641177,0.18770344183564558,6.0,8.0,9.0,12.0,0.026918220668220673,0.0,0.013888888888888888,0.03983516483516484,0.02683028286189684,129,1,1.0,0.0,1,0.0005336179295624333,0.0020833333333333333,5.0,4.8125,4,0.4526703106829512,0.27291666666666664,0.055208333333333304,0.025743063165117097,0.004771887640795936,0.013710307691653928,Block,480,2,2820182454,445789893
480,1969,0.017127696590118303,8.204166666666667,0.3596074592265228,0.20228859827323498,6.0,8.0,10.0,13.0,0.03506853372662196,0.0,0.022222222222222223,0.047619047619047616,0.031338331080250706,170,1,1.0,0.0,1,0.0005078720162519045,0.0020833333333333333,5.0,4.827083333333333,5,0.4823513829517501,0.26458333333333334,0.21250000000000013,-0.027834187589619683,0.004725649401284626,0.014422806589178985,Block,480,3,398548687,1330285130
480,2034,0.01769311064718163,8.475,0.3348526560387797,0.1878441494591936,6.0,8.0,10.0,13.0,0.03640091325656341,0.0,0.027777777777777776,0.06060606060606061,0.03781291941413316,216,1,1.0,0.0,1,0.0004916420845624386,0.0020833333333333333,6.0,5.533333333333333,5,0.47316393193778533,0.25416666666666665,0.15000000000000013,0.0067022098288127005,0.004669984808730001,0.013027465836085132,Block,480,4,3694225638,2664657923
480,1885,0.016397007654836464,7.854166666666667,0.35935722397177755,0.20000994694960195,6.0,8.0,10.0,13.0,0.029814527398699223,0.0,0.01818181818181818,0.047619047619047616,0.030946601941747573,153,2,0.9979166666666667,0.0020833333333333333,1,0.0005305039787798408,0.0020833333333333333,5.0,4.791666666666667,6,0.4766417831688114,0.25625,0.32499999999999996,0.02773413491174667,0.004734585693990155,0.01221845495195784,Block,480,5,3564242261,2807101688
480,1933,0.01681454418928323,8.054166666666667,0.3395797453342962,0.19006294188653206,6.0,8.0,10.0,13.0,0.035851781320531316,0.0,0.027777777777777776,0.05555555555555555,0.034605663923271336,178,1,1.0,0.0,1,0.0005173305742369374,0.0020833333333333333,5.0,4.795833333333333,5,0.47431091059012886,0.25416666666666665,0.20166666666666666,0.01902357168485656,0.004650880268175354,0.013806641683968186,Block,480,6,1925004710,2961810653
480,1867,0.01624043145441893,7.779166666666667,0.3334934736235454,0.18634172469201915,6.0,8.0,9.0,12.0,0.02857209341584342,0.0,0.01818181818181818,0.047619047619047616,0.029638452914798205,141,1,1.0,0.0,1,0.0005356186395286556,0.0020833333333333333,5.0,4.795833333333333,4,0.4895664816912811,0.26458333333333334,0.02083333333333326,0.011107896483381327,0.004894602449155233,0.013075019832721822,Block,480,7,542302448,3946729798
480,1917,0.01667536534446764,7.9875,0.3382563132027239,0.1878977569118414,6.0,8.0,10.0,13.0,0.02798378398562222,0.0,0.01818181818181818,0.047619047619047616,0.028718558130322838,145,1,1.0,0.0,0,0.0,0.0,5.0,4.841666666666667,6,0.4408040623812039,0.23958333333333334,0.2604166666666665,-0.0029194503678969972,0.004734947003711542,0.012938401794910646,Block,480,8,1334806582,661251942
480,1913,0.016640570633263744,7.970833333333333,0.3253231327396347,0.1833050182958702,6.0,8.0,10.0,12.0,0.028932566276316275,0.0,0.015151515151515152,0.045454545454545456,0.02789484246437889,139,1,1.0,0.0,0,0.0,0.0,5.0,4.875,4,0.46167458517656046,0.27291666666666664,0.03645833333333326,-0.0344485091059755,0.00484051590571393,0.013204765253565919,Block,480,9,247071043,1827735065
480,1948,0.01694502435629784,8.116666666666667,0.35970061399063485,0.19858829568788483,6.0,8.0,10.0,13.0,0.030422420716538365,0.0,0.022222222222222223,0.047619047619047616,0.03073731849896285,163,1,1.0,0.0,2,0.001026694045174538,0.004166666666666667,5.0,4.83125,5,0.4533574950773499,0.2520833333333333,0.15666666666666673,0.028310937390547148,0.00485752725027492,0.014543023501532207,Block,480,10,2136658400,473429018
480,1929,0.016779749478079333,8.0375,0.355156974202634,0.19722438223604621,6.0,8.0,10.0,13.0,0.031785837410353665,0.0,0.02280701754385965,0.047619047619047616,0.0326443886420707,169,1,1.0,0.0,0,0.0,0.0,5.0,4.83125,5,0.48601412884190204,0.25416666666666665,0.19250000000000012,-0.023031263963936937,0.004702182917444564,0.013392555927336264,Block,480,11,4150949603,2308307754
120,428,0.05994397759103642,7.133333333333334,0.43994774938092784,0.24762461059190044,5.0,7.0,9.0,12.0,0.6379140304140305,0.5,0.6666666666666666,0.7797619047619048,0.6501865671641791,697,5,0.9,0.025,6,0.014018691588785047,0.058333333333333334,8.0,5.1,11,0.761089942353044,0.175,0.3424242424242425,0.4627261506126551,0.032223552136171854,0.12393801869367724,Geometric,120,0,88516765,65984635
120,459,0.06428571428571428,7.65,0.45208415337738306,0.2576615831517792,5.0,7.0,11.0,13.049999999999997,0.657713813963814,0.5251831501831502,0.6666666666666666,0.8,0.6883289124668435,865,2,0.9166666666666666,0.0,5,0.010893246187363835,0.058333333333333334,11.0,5.425,8,0.7580038067030249,0.175,0.1791666666666667,0.6511164855188074,0.0335287538138082,0.1179025497059083,Geometric,120,1,3946411386,1821411458
120,436,0.06106442577030812,7.266666666666667,0.47096042320514603,0.2648126911314985,5.0,7.0,10.0,14.0,0.6113810263810264,0.5,0.6071428571428571,0.7329545454545454,0.6375545851528385,730,4,0.775,0.0,4,0.009174311926605505,0.025,8.0,4.775,10,0.7239973487080212,0.21666666666666667,0.33333333333333326,0.637955651032623,0.021823914319751923,0.09149498611867316,Geometric,120,2,3091752435,2282571545
120,421,0.05896358543417367,7.016666666666667,0.3859327571883686,0.2189825811559778,5.0,7.0,9.0,11.0,0.590590428090428,0.4753246753246753,0.5777777777777777,0.6785714285714286,0.557013118062563,552,2,0.9916666666666667,0.008333333333333333,3,0.007125890736342043,0.03333333333333333,6.0,4.791666666666667,8,0.7017958598744083,0.19166666666666668,0.2645833333333334,0.4379935187916561,0.03132540684786706,0.10641314641026148,Geometric,120,3,3407628401,1850087346
120,472,0.06610644257703081,7.866666666666666,0.4298080850163454,0.24413841807909598,5.0,8.0,10.0,14.0,0.5982265895868836,0.5,0.6,0.6741883116883117,0.5935828877005348,777,2,0.9916666666666667,0.008333333333333333,0,0.0,0.0,8.0,5.133333333333334,8,0.6922849037632864,0.19166666666666668,0.2895833333333333,0.5498411665686898,0.03187013881634069,0.09884238983702016,Geometric,120,4,3398865414,1953806282
120,429,0.06008403361344538,7.15,0.43245590537652867,0.24030691530691528,5.0,6.0,9.25,12.049999999999997,0.640299815924816,0.5074404761904762,0.6363636363636364,0.7714285714285714,0.6042963885429639,647,2,0.9916666666666667,0.008333333333333333,0,0.0,0.008333333333333333,7.0,4.933333333333334,11,0.7056661287430518,0.175,0.29545454545454564,0.6164826652317114,0.037576753632224145,0.12925776154199597,Geometric,120,5,3050041783,753055640
120,417,0.058403361344537816,6.95,0.4549471008276943,0.25603517186251,5.0,6.0,9.0,13.0,0.6251417101417102,0.5,0.6190476190476191,0.7217948717948718,0.6397273612463485,657,1,1.0,0.0,5,0.011990407673860911,0.075,8.0,4.625,8,0.7285365951842843,0.16666666666666666,0.09791666666666665,0.6995250492116636,0.051725934502737776,0.22273321937997168,Geometric,120,6,1529660183,3359320081
120,431,0.060364145658263306,7.183333333333334,0.45180514024869434,0.2531129156999228,5.0,7.0,9.0,13.049999999999997,0.5706275138260433,0.47619047619047616,0.5470085470085471,0.6666666666666666,0.5723384895359418,629,1,1.0,0.0,1,0.002320185614849188,0.008333333333333333,8.0,4.441666666666666,8,0.6670399061159231,0.18333333333333332,0.16041666666666665,0.7185335483658111,0.032868946163099454,0.09320567682310399,Geometric,120,7,3605463459,1738743420
120,375,0.052521008403361345,6.25,0.3482527817548627,0.1950222222222222,5.0,6.0,8.0,10.0,0.6176256613756614,0.5,0.6035714285714285,0.719047619047619,0.596537949400799,448,2,0.9916666666666667,0.008333333333333333,1,0.0026666666666666666,0.025,6.0,4.308333333333334,9,0.749216,0.16666666666666666,0.19074074074074066,0.5503959741286154,0.0404100615439897,0.1345067513766932,Geometric,120,8,3212607309,4072552521
120,477,0.06680672268907563,7.95,0.46920374724463926,0.2669287211740041,5.0,8.0,10.0,14.049999999999997,0.5920713314463314,0.5,0.6,0.7,0.5927710843373494,820,2,0.9916666666666667,0.008333333333333333,7,0.014675052410901468,0.08333333333333333,8.0,5.275,9,0.6538902733277956,0.20833333333333334,0.3037037037037036,0.7027239637102671,0.03126627233482891,0.09381205600696986,Geometric,120,9,922831800,371398224
120,401,0.0561624649859944,6.683333333333334,0.40793462300979705,0.2248545303408147,5.0,6.0,8.0,12.0,0.6359419284419284,0.5,0.6326312576312576,0.7727272727272727,0.6286238532110092,571,1,1.0,0.0,0,0.0,0.0,8.0,4.675,9,0.7450295707116249,0.15,0.17592592592592582,0.6439787093443771,0.038043895182308746,0.1105982824319123,Geometric,120,10,3275942069,3249666239
120,424,0.05938375350140056,7.066666666666666,0.3241015733264507,0.18187893081761008,5.75,7.0,9.0,10.049999999999997,0.6717803030303029,0.5566558441558441,0.6666666666666666,0.8,0.6598545202632491,635,3,0.95,0.008333333333333333,1,0.0023584905660377358,0.008333333333333333,7.0,5.1,11,0.7708982289070844,0.15833333333333333,0.25303030303030316,0.4767889090698836,0.03537999696227425,0.1254395243122961,Geometric,120,11,1965928894,3967719499
240,932,0.032496513249651325,7.766666666666667,0.4280779725849754,0.23957439198855512,6.0,8.0,10.0,14.0,0.620301491128697,0.5267857142857143,0.6190476190476191,0.7142857142857143,0.6084108476352679,1548,3,0.9625,0.004166666666666667,4,0.004291845493562232,0.029166666666666667,9.0,5.083333333333333,13,0.8090405054430916,0.14583333333333334,0.2993589743589744,0.6088857842751904,0.027922693757808557,0.10932272335948866,Geometric,240,0,3045693791,3565964963
240,871,0.030369595536959552,7.258333333333334,0.37939462659571804,0.21215556831228466,5.0,7.0,9.0,12.0,0.6279236966736967,0.5068181818181818,0.6201298701298701,0.75,0.6145260179217105,1303,2,0.9958333333333333,0.004166666666666667,4,0.004592422502870264,0.025,8.0,4.883333333333334,14,0.8255268302135002,0.12083333333333333,0.21845238095238106,0.5365194651933104,0.030386699148664025,0.09251720641724123,Geometric,240,1,996940262,3938326181
240,898,0.03131101813110181,7.483333333333333,0.39921078287099215,0.22575631031922794,5.0,8.0,10.0,12.049999999999983,0.6527845996595997,0.5357142857142857,0.6666666666666666,0.7555555555555555,0.6345567967503264,1458,3,0.9708333333333333,0.004166666666666667,3,0.0033407572383073497,0.025,8.0,5.0125,13,0.8145358901989573,0.17083333333333334,0.36730769230769234,0.5520351767078604,0.03692681322723004,0.14907142227246833,Geometric,240,2,3336155612,266930030
240,854,0.029776847977684796,7.116666666666666,0.3628918785212918,0.2073575331772053,5.0,7.0,9.0,11.0,0.6092681392681392,0.4888888888888889,0.6,0.7333333333333333,0.5966135458167331,1198,1,1.0,0.0,0,0.0,0.0,7.0,4.745833333333334,13,0.8123262070213735,0.125,0.16153846153846163,0.5142963312006174,0.027883714600390897,0.0848363225152571,Geometric,240,3,4262337295,1547097592
240,876,0.030543933054393305,7.3,0.3990277168117674,0.2266742770167427,5.0,7.0,9.0,12.0,0.6188785057535058,0.5238095238095238,0.6071428571428571,0.7,0.5924736117485085,1291,1,1.0,0.0,4,0.0045662100456621,0.029166666666666667,8.0,4.733333333333333,11,0.8196913898792769,0.15833333333333333,0.25757575757575757,0.554496210630738,0.029488393585296823,0.0841551991463031,Geometric,240,4,2859496478,771302254
240,879,0.030648535564853557,7.325,0.3835758421478107,0.2173824421691315,5.0,7.0,9.0,12.0,0.5860912929662929,0.49772727272727274,0.5714285714285714,0.6909090909090909,0.5776855693868141,1253,2,0.9958333333333333,0.004166666666666667,1,0.0011376564277588168,0.004166666666666667,8.0,4.641666666666667,12,0.7854559879685391,0.175,0.30972222222222223,0.5825758598636571,0.028225995469845545,0.10031725226775047,Geometric,240,5,2705647590,3189708988
240,844,0.029428172942817295,7.033333333333333,0.3631550412311646,0.20621050552922582,5.0,7.0,9.0,11.0,0.6048561623561624,0.5,0.6,0.6944444444444444,0.5826382978723404,1141,2,0.9916666666666667,0.0,6,0.0071090047393364926,0.0375,6.0,4.720833333333333,14,0.8054001201680105,0.10833333333333334,0.25416666666666665,0.5119372160264349,0.028726599373365202,0.10621832106994109,Geometric,240,6,3495662280,4114712840
240,845,0.029463040446304045,7.041666666666667,0.3772438789757125,0.2086341222879684,5.0,7.0,9.0,11.0,0.6297906376031376,0.5,0.6190476190476191,0.7333333333333333,0.6169354838709677,1224,2,0.9833333333333333,0.0,3,0.0035502958579881655,0.020833333333333332,8.0,4.904166666666667,16,0.8283484471832219,0.12916666666666668,0.23124999999999996,0.5236717059366532,0.029367379212633046,0.11061830742386745,Geometric,240,7,1262160957,3479181741
240,864,0.0301255230125523,7.2,0.34796217452062134,0.19508584104938276,5.0,7.0,9.0,12.0,0.6129085729085729,0.47619047619047616,0.6091269841269842,0.7333333333333333,0.6088379705400983,1240,1,1.0,0.0,2,0.0023148148148148147,0.020833333333333332,8.0,4.816666666666666,12,0.8210981706532922,0.125,0.13402777777777786,0.506862014675077,0.0308370109852687,0.11488535048206183,Geometric,240,8,2414020837,2810583417
240,860,0.0299860529986053,7.166666666666667,0.3588485883438987,0.20269864341085264,5.0,7.0,9.0,11.049999999999983,0.6222613266363266,0.5,0.6071428571428571,0.7142857142857143,0.618008856814827,1256,1,1.0,0.0,0,0.0,0.008333333333333333,8.0,4.891666666666667,13,0.8208004326663062,0.12083333333333333,0.18333333333333335,0.6144336271064278,0.027770928285092512,0.08987941854887735,Geometric,240,9,1236517035,3383838366
240,906,0.03158995815899582,7.55,0.38666650535086095,0.21995952906548943,6.0,7.0,10.0,12.0,0.6141594054094054,0.5,0.6181818181818182,0.7142857142857143,0.6015523932729625,1395,2,0.9916666666666667,0.0,2,0.002207505518763797,0.008333333333333333,7.0,5.054166666666666,13,0.8160381610942989,0.14166666666666666,0.21987179487179498,0.5092708253477214,0.0306984386603982,0.12527228488209147,Geometric,240,10,4017830627,2706464712
240,894,0.03117154811715481,7.45,0.4564580791803743,0.2477954884414617,5.0,7.0,9.25,15.0,0.6100955008685272,0.49772727272727274,0.6,0.7,0.5950517193178642,1419,2,0.9875,0.0,2,0.0022371364653243847,0.016666666666666666,9.0,5.0625,13,0.7795544745231696,0.1375,0.20320512820512815,0.7199238188986143,0.025921322538923718,0.08097795488818757,Geometric,240,11,104645493,3739136086
480,1802,0.015675017397355603,7.508333333333334,0.37196478262058413,0.20855184054753972,6.0,7.0,9.0,13.0,0.6089598827098828,0.5,0.6,0.6893939393939394,0.5825735294117647,2641,4,0.9854166666666667,0.004166666666666667,4,0.0022197558268590455,0.016666666666666666,7.0,4.79375,18,0.8566132586680726,0.10208333333333333,0.2958333333333334,0.5957827246792774,0.01957230376774651,0.0648394226267191,Geometric,480,0,1620891381,2009133208
480,1771,0.0154053583855254,7.379166666666666,0.37045652252995853,0.20886151891586668,5.0,7.0,9.0,12.0,0.5906968739321681,0.5,0.5714285714285714,0.6666666666666666,0.5804751355893362,2533,2,0.9979166666666667,0.0020833333333333333,4,0.002258610954263128,0.010416666666666666,9.0,4.845833333333333,15,0.8603729513802427,0.12083333333333333,0.24555555555555553,0.5212646318354901,0.02116111198666083,0.08263536076799917,Geometric,480,1,3921373727,3298176187
480,1803,0.015683716075156576,7.5125,0.3717564106990255,0.20964942688112398,6.0,8.0,9.0,12.0,0.6209871031746032,0.5,0.6071428571428571,0.7333333333333333,0.6128250330542089,2781,2,0.9979166666666667,0.0020833333333333333,7,0.003882418191902385,0.020833333333333332,8.0,5.033333333333333,20,0.8703185883883058,0.1,0.2620833333333332,0.5829479006042267,0.022517595821167573,0.09645080018087324,Geometric,480,2,2428767880,1459382939
480,1847,0.016066457898399444,7.695833333333334,0.3523594799057227,0.198700595560368,6.0,7.5,10.0,12.0,0.6361614774114774,0.5,0.6190476190476191,0.7333333333333333,0.6124398528163034,2885,2,0.9916666666666667,0.0,2,0.0010828370330265296,0.004166666666666667,8.0,5.141666666666667,19,0.8704143947559498,0.10208333333333333,0.2657894736842106,0.5180966010329678,0.021742547937817602,0.08381740827187269,Geometric,480,3,441886109,4026234433
480,1869,0.016257828810020875,7.7875,0.3867601697139571,0.2187176743356518,6.0,8.0,10.0,12.049999999999955,0.6007017794977353,0.5,0.6060606060606061,0.7,0.6031083899616497,2988,4,0.99375,0.00625,2,0.001070090957731407,0.00625,8.0,5.241666666666666,17,0.8605021354584,0.12083333333333333,0.34705882352941164,0.5639694046970252,0.019455915669758062,0.07234728225889818,Geometric,480,4,3155899692,2629688493
480,1893,0.01646659707724426,7.8875,0.39798539623150736,0.2241679873217115,6.0,7.0,10.0,13.0,0.5861652896395543,0.5,0.5909090909090909,0.6666666666666666,0.5899500097383626,3029,2,0.9979166666666667,0.0020833333333333333,4,0.0021130480718436345,0.010416666666666666,8.0,5.16875,19,0.8495162063140845,0.09375,0.24539473684210522,0.5852155895293285,0.019174847950860812,0.06723830566486799,Geometric,480,5,2638267120,3944105481
480,1809,0.01573590814196242,7.5375,0.3697010527685603,0.2084197070204532,6.0,8.0,9.0,12.0,0.6109040612165612,0.5,0.6,0.7142857142857143,0.608327246165084,2776,7,0.9666666666666667,0.00625,4,0.002211166390270868,0.00625,10.0,5.05,22,0.850634885275117,0.0875,0.3823863636363636,0.5835988801240668,0.018838051214398476,0.06325769987758356,Geometric,480,6,3776203944,1843677950
480,1841,0.0160142658315936,7.670833333333333,0.39208599265053096,0.21871831432192645,6.0,8.0,9.0,13.0,0.6046524268215445,0.5,0.6066017316017316,0.7090909090909091,0.6129947412122889,2953,2,0.9979166666666667,0.0020833333333333333,4,0.0021727322107550242,0.0125,9.0,5.129166666666666,18,0.869118110891366,0.12083333333333333,0.3094907407407408,0.629176514623474,0.02186044747290564,0.08518305975354834,Geometric,480,7,4102489949,740555254
480,1793,0.015596729297146833,7.470833333333333,0.40973243554100475,0.23104550102249477,5.0,7.0,10.0,13.0,0.5967294681439418,0.5,0.6,0.7,0.5778644141217241,2668,2,0.9979166666666667,0.0020833333333333333,6,0.0033463469046291134,0.01875,8.0,4.895833333333333,16,0.85120747506337,0.09791666666666667,0.25807291666666665,0.5927822816032918,0.020755101626647895,0.07659542807463164,Geometric,480,8,2765121632,4178720051
480,1840,0.016005567153792623,7.666666666666667,0.41660364992906085,0.23482336956521732,5.0,7.0,10.0,13.0,0.5948670596832363,0.5,0.6,0.7,0.600611620795107,2946,2,0.98125,0.0,6,0.003260869565217391,0.014583333333333334,9.0,5.108333333333333,18,0.8583450496219281,0.10625,0.2826388888888889,0.6327686996594669,0.018279462923389868,0.0655790933475659,Geometric,480,9,1309895774,1714127625
480,1949,0.016953723034098818,8.120833333333334,0.47242689182342973,0.2585439114075594,5.0,8.0,10.0,16.0,0.5996918001624851,0.5,0.6,0.7,0.6137499282063064,3562,2,0.99375,0.0,7,0.0035915854284248334,0.020833333333333332,12.0,5.427083333333333,16,0.8474360692265389,0.11041666666666666,0.20833333333333326,0.7385627119715692,0.019735424250075382,0.06718762132718802,Geometric,480,10,882276321,4088094878
480,1823,0.01585768963117606,7.595833333333333,0.4061136531867689,0.2253428414701042,5.75,7.0,9.0,14.0,0.6058902120661988,0.5,0.6071428571428571,0.7037545787545788,0.6038579815487839,2880,3,0.9791666666666666,0.0020833333333333333,8,0.004388370817334065,0.029166666666666667,9.0,5.0625,18,0.859617720665032,0.09166666666666666,0.29166666666666674,0.6519875520493278,0.019235486032715892,0.07440537597000427,Geometric,480,11,3901200055,2174242377
