dataset,seed_a,seed_b,ARI
Karate club,0,1,0.8954674616853776
Karate club,0,2,0.8954674616853776
Karate club,0,3,0.7665231379956141
Karate club,0,4,1.0
Karate club,0,5,0.7665231379956141
Karate club,0,6,0.7665231379956141
Karate club,0,7,0.8954674616853776
Karate club,0,8,0.8954674616853776
Karate club,0,9,0.8653018103820851
Karate club,0,10,0.7665231379956141
Karate club,0,11,0.8653018103820851
Karate club,0,12,0.8653018103820851
Karate club,0,13,0.563919028340081
Karate club,0,14,0.8954674616853776
Karate club,0,15,0.8653018103820851
Karate club,0,16,1.0
Karate club,0,17,1.0
Karate club,0,18,0.8954674616853776
Karate club,0,19,0.563919028340081
Karate club,1,2,1.0
Karate club,1,3,0.8569379363106053
Karate club,1,4,0.8954674616853776
Karate club,1,5,0.8569379363106053
Karate club,1,6,0.8569379363106053
Karate club,1,7,1.0
Karate club,1,8,1.0
Karate club,1,9,0.7585827675241466
Karate club,1,10,0.8569379363106053
Karate club,1,11,0.7585827675241466
Karate club,1,12,0.7585827675241466
Karate club,1,13,0.5116312811336268
Karate club,1,14,1.0
Karate club,1,15,0.7585827675241466
Karate club,1,16,0.8954674616853776
Karate club,1,17,0.8954674616853776
Karate club,1,18,1.0
Karate club,1,19,0.5116312811336268
Karate club,2,3,0.8569379363106053
Karate club,2,4,0.8954674616853776
Karate club,2,5,0.8569379363106053
Karate club,2,6,0.8569379363106053
Karate club,2,7,1.0
Karate club,2,8,1.0
Karate club,2,9,0.7585827675241466
Karate club,2,10,0.8569379363106053
Karate club,2,11,0.7585827675241466
Karate club,2,12,0.7585827675241466
Karate club,2,13,0.5116312811336268
Karate club,2,14,1.0
Karate club,2,15,0.7585827675241466
Karate club,2,16,0.8954674616853776
Karate club,2,17,0.8954674616853776
Karate club,2,18,1.0
Karate club,2,19,0.5116312811336268
Karate club,3,4,0.7665231379956141
Karate club,3,5,1.0
Karate club,3,6,1.0
Karate club,3,7,0.8569379363106053
Karate club,3,8,0.8569379363106053
Karate club,3,9,0.8981515101501898
Karate club,3,10,1.0
Karate club,3,11,0.8981515101501898
Karate club,3,12,0.8981515101501898
Karate club,3,13,0.6434103340414499
Karate club,3,14,0.8569379363106053
Karate club,3,15,0.8981515101501898
Karate club,3,16,0.7665231379956141
Karate club,3,17,0.7665231379956141
Karate club,3,18,0.8569379363106053
Karate club,3,19,0.6434103340414499
Karate club,4,5,0.7665231379956141
Karate club,4,6,0.7665231379956141
Karate club,4,7,0.8954674616853776
Karate club,4,8,0.8954674616853776
Karate club,4,9,0.8653018103820851
Karate club,4,10,0.7665231379956141
Karate club,4,11,0.8653018103820851
Karate club,4,12,0.8653018103820851
Karate club,4,13,0.563919028340081
Karate club,4,14,0.8954674616853776
Karate club,4,15,0.8653018103820851
Karate club,4,16,1.0
Karate club,4,17,1.0
Karate club,4,18,0.8954674616853776
Karate club,4,19,0.563919028340081
Karate club,5,6,1.0
Karate club,5,7,0.8569379363106053
Karate club,5,8,0.8569379363106053
Karate club,5,9,0.8981515101501898
Karate club,5,10,1.0
Karate club,5,11,0.8981515101501898
Karate club,5,12,0.8981515101501898
Karate club,5,13,0.6434103340414499
Karate club,5,14,0.8569379363106053
Karate club,5,15,0.8981515101501898
Karate club,5,16,0.7665231379956141
Karate club,5,17,0.7665231379956141
Karate club,5,18,0.8569379363106053
Karate club,5,19,0.6434103340414499
Karate club,6,7,0.8569379363106053
Karate club,6,8,0.8569379363106053
Karate club,6,9,0.8981515101501898
Karate club,6,10,1.0
Karate club,6,11,0.8981515101501898
Karate club,6,12,0.8981515101501898
Karate club,6,13,0.6434103340414499
Karate club,6,14,0.8569379363106053
Karate club,6,15,0.8981515101501898
Karate club,6,16,0.7665231379956141
Karate club,6,17,0.7665231379956141
Karate club,6,18,0.8569379363106053
Karate club,6,19,0.6434103340414499
Karate club,7,8,1.0
Karate club,7,9,0.7585827675241466
Karate club,7,10,0.8569379363106053
Karate club,7,11,0.7585827675241466
Karate club,7,12,0.7585827675241466
Karate club,7,13,0.5116312811336268
Karate club,7,14,1.0
Karate club,7,15,0.7585827675241466
Karate club,7,16,0.8954674616853776
Karate club,7,17,0.8954674616853776
Karate club,7,18,1.0
Karate club,7,19,0.5116312811336268
Karate club,8,9,0.7585827675241466
Karate club,8,10,0.8569379363106053
Karate club,8,11,0.7585827675241466
Karate club,8,12,0.7585827675241466
Karate club,8,13,0.5116312811336268
Karate club,8,14,1.0
Karate club,8,15,0.7585827675241466
Karate club,8,16,0.8954674616853776
Karate club,8,17,0.8954674616853776
Karate club,8,18,1.0
Karate club,8,19,0.5116312811336268
Karate club,9,10,0.8981515101501898
Karate club,9,11,1.0
Karate club,9,12,1.0
Karate club,9,13,0.6903300269307329
Karate club,9,14,0.7585827675241466
Karate club,9,15,1.0
Karate club,9,16,0.8653018103820851
Karate club,9,17,0.8653018103820851
Karate club,9,18,0.7585827675241466
Karate club,9,19,0.6903300269307329
Karate club,10,11,0.8981515101501898
Karate club,10,12,0.8981515101501898
Karate club,10,13,0.6434103340414499
Karate club,10,14,0.8569379363106053
Karate club,10,15,0.8981515101501898
Karate club,10,16,0.7665231379956141
Karate club,10,17,0.7665231379956141
Karate club,10,18,0.8569379363106053
Karate club,10,19,0.6434103340414499
Karate club,11,12,1.0
Karate club,11,13,0.6903300269307329
Karate club,11,14,0.7585827675241466
Karate club,11,15,1.0
Karate club,11,16,0.8653018103820851
Karate club,11,17,0.8653018103820851
Karate club,11,18,0.7585827675241466
Karate club,11,19,0.6903300269307329
Karate club,12,13,0.6903300269307329
Karate club,12,14,0.7585827675241466
Karate club,12,15,1.0
Karate club,12,16,0.8653018103820851
Karate club,12,17,0.8653018103820851
Karate club,12,18,0.7585827675241466
Karate club,12,19,0.6903300269307329
Karate club,13,14,0.5116312811336268
Karate club,13,15,0.6903300269307329
Karate club,13,16,0.563919028340081
Karate club,13,17,0.563919028340081
Karate club,13,18,0.5116312811336268
Karate club,13,19,1.0
Karate club,14,15,0.7585827675241466
Karate club,14,16,0.8954674616853776
Karate club,14,17,0.8954674616853776
Karate club,14,18,1.0
Karate club,14,19,0.5116312811336268
Karate club,15,16,0.8653018103820851
Karate club,15,17,0.8653018103820851
Karate club,15,18,0.7585827675241466
Karate club,15,19,0.6903300269307329
Karate club,16,17,1.0
Karate club,16,18,0.8954674616853776
Karate club,16,19,0.563919028340081
Karate club,17,18,0.8954674616853776
Karate club,17,19,0.563919028340081
Karate club,18,19,0.5116312811336268
Les Miserables,0,1,0.7577474765362139
Les Miserables,0,2,0.9282929130522688
Les Miserables,0,3,0.8562106144870508
Les Miserables,0,4,0.8339182835573803
Les Miserables,0,5,0.8562106144870508
Les Miserables,0,6,0.8562106144870508
Les Miserables,0,7,0.8339182835573803
Les Miserables,0,8,0.8339182835573803
Les Miserables,0,9,0.8339182835573803
Les Miserables,0,10,0.8339182835573803
Les Miserables,0,11,0.8339182835573803
Les Miserables,0,12,0.7868489276455338
Les Miserables,0,13,0.9265130369340103
Les Miserables,0,14,0.7577474765362139
Les Miserables,0,15,0.9282929130522688
Les Miserables,0,16,0.9282929130522688
Les Miserables,0,17,1.0
Les Miserables,0,18,0.8339182835573803
Les Miserables,0,19,0.8007695836571139
Les Miserables,1,2,0.8234601597516616
Les Miserables,1,3,0.6362508981557868
Les Miserables,1,4,0.738448943836395
Les Miserables,1,5,0.6362508981557868
Les Miserables,1,6,0.6362508981557868
Les Miserables,1,7,0.738448943836395
Les Miserables,1,8,0.738448943836395
Les Miserables,1,9,0.738448943836395
Les Miserables,1,10,0.738448943836395
Les Miserables,1,11,0.738448943836395
Les Miserables,1,12,0.5803714935162886
Les Miserables,1,13,0.7656299944978646
Les Miserables,1,14,1.0
Les Miserables,1,15,0.8234601597516616
Les Miserables,1,16,0.8234601597516616
Les Miserables,1,17,0.7577474765362139
Les Miserables,1,18,0.738448943836395
Les Miserables,1,19,0.7814746758456482
Les Miserables,2,3,0.7885316634281239
Les Miserables,2,4,0.9014726073813045
Les Miserables,2,5,0.7885316634281239
Les Miserables,2,6,0.7885316634281239
Les Miserables,2,7,0.9014726073813045
Les Miserables,2,8,0.9014726073813045
Les Miserables,2,9,0.9014726073813045
Les Miserables,2,10,0.9014726073813045
Les Miserables,2,11,0.9014726073813045
Les Miserables,2,12,0.7225811918911731
Les Miserables,2,13,0.9330494362312024
Les Miserables,2,14,0.8234601597516616
Les Miserables,2,15,1.0
Les Miserables,2,16,1.0
Les Miserables,2,17,0.9282929130522688
Les Miserables,2,18,0.9014726073813045
Les Miserables,2,19,0.8707387109545938
Les Miserables,3,4,0.8045740150680444
Les Miserables,3,5,1.0
Les Miserables,3,6,1.0
Les Miserables,3,7,0.8045740150680444
Les Miserables,3,8,0.8045740150680444
Les Miserables,3,9,0.8045740150680444
Les Miserables,3,10,0.8045740150680444
Les Miserables,3,11,0.8045740150680444
Les Miserables,3,12,0.6737396032157215
Les Miserables,3,13,0.8508604583228752
Les Miserables,3,14,0.6362508981557868
Les Miserables,3,15,0.7885316634281239
Les Miserables,3,16,0.7885316634281239
Les Miserables,3,17,0.8562106144870508
Les Miserables,3,18,0.8045740150680444
Les Miserables,3,19,0.7498667169759198
Les Miserables,4,5,0.8045740150680444
Les Miserables,4,6,0.8045740150680444
Les Miserables,4,7,1.0
Les Miserables,4,8,1.0
Les Miserables,4,9,1.0
Les Miserables,4,10,1.0
Les Miserables,4,11,1.0
Les Miserables,4,12,0.6834998930703828
Les Miserables,4,13,0.9048641708733332
Les Miserables,4,14,0.738448943836395
Les Miserables,4,15,0.9014726073813045
Les Miserables,4,16,0.9014726073813045
Les Miserables,4,17,0.8339182835573803
Les Miserables,4,18,1.0
Les Miserables,4,19,0.9039715130804353
Les Miserables,5,6,1.0
Les Miserables,5,7,0.8045740150680444
Les Miserables,5,8,0.8045740150680444
Les Miserables,5,9,0.8045740150680444
Les Miserables,5,10,0.8045740150680444
Les Miserables,5,11,0.8045740150680444
Les Miserables,5,12,0.6737396032157215
Les Miserables,5,13,0.8508604583228752
Les Miserables,5,14,0.6362508981557868
Les Miserables,5,15,0.7885316634281239
Les Miserables,5,16,0.7885316634281239
Les Miserables,5,17,0.8562106144870508
Les Miserables,5,18,0.8045740150680444
Les Miserables,5,19,0.7498667169759198
Les Miserables,6,7,0.8045740150680444
Les Miserables,6,8,0.8045740150680444
Les Miserables,6,9,0.8045740150680444
Les Miserables,6,10,0.8045740150680444
Les Miserables,6,11,0.8045740150680444
Les Miserables,6,12,0.6737396032157215
Les Miserables,6,13,0.8508604583228752
Les Miserables,6,14,0.6362508981557868
Les Miserables,6,15,0.7885316634281239
Les Miserables,6,16,0.7885316634281239
Les Miserables,6,17,0.8562106144870508
Les Miserables,6,18,0.8045740150680444
Les Miserables,6,19,0.7498667169759198
Les Miserables,7,8,1.0
Les Miserables,7,9,1.0
Les Miserables,7,10,1.0
Les Miserables,7,11,1.0
Les Miserables,7,12,0.6834998930703828
Les Miserables,7,13,0.9048641708733332
Les Miserables,7,14,0.738448943836395
Les Miserables,7,15,0.9014726073813045
Les Miserables,7,16,0.9014726073813045
Les Miserables,7,17,0.8339182835573803
Les Miserables,7,18,1.0
Les Miserables,7,19,0.9039715130804353
Les Miserables,8,9,1.0
Les Miserables,8,10,1.0
Les Miserables,8,11,1.0
Les Miserables,8,12,0.6834998930703828
Les Miserables,8,13,0.9048641708733332
Les Miserables,8,14,0.738448943836395
Les Miserables,8,15,0.9014726073813045
Les Miserables,8,16,0.9014726073813045
Les Miserables,8,17,0.8339182835573803
Les Miserables,8,18,1.0
Les Miserables,8,19,0.9039715130804353
Les Miserables,9,10,1.0
Les Miserables,9,11,1.0
Les Miserables,9,12,0.6834998930703828
Les Miserables,9,13,0.9048641708733332
Les Miserables,9,14,0.738448943836395
Les Miserables,9,15,0.9014726073813045
Les Miserables,9,16,0.9014726073813045
Les Miserables,9,17,0.8339182835573803
Les Miserables,9,18,1.0
Les Miserables,9,19,0.9039715130804353
Les Miserables,10,11,1.0
Les Miserables,10,12,0.6834998930703828
Les Miserables,10,13,0.9048641708733332
Les Miserables,10,14,0.738448943836395
Les Miserables,10,15,0.9014726073813045
Les Miserables,10,16,0.9014726073813045
Les Miserables,10,17,0.8339182835573803
Les Miserables,10,18,1.0
Les Miserables,10,19,0.9039715130804353
Les Miserables,11,12,0.6834998930703828
Les Miserables,11,13,0.9048641708733332
Les Miserables,11,14,0.738448943836395
Les Miserables,11,15,0.9014726073813045
Les Miserables,11,16,0.9014726073813045
Les Miserables,11,17,0.8339182835573803
Les Miserables,11,18,1.0
Les Miserables,11,19,0.9039715130804353
Les Miserables,12,13,0.7228109800636706
Les Miserables,12,14,0.5803714935162886
Les Miserables,12,15,0.7225811918911731
Les Miserables,12,16,0.7225811918911731
Les Miserables,12,17,0.7868489276455338
Les Miserables,12,18,0.6834998930703828
Les Miserables,12,19,0.6290510305319473
Les Miserables,13,14,0.7656299944978646
Les Miserables,13,15,0.9330494362312024
Les Miserables,13,16,0.9330494362312024
Les Miserables,13,17,0.9265130369340103
Les Miserables,13,18,0.9048641708733332
Les Miserables,13,19,0.8719604878906647
Les Miserables,14,15,0.8234601597516616
Les Miserables,14,16,0.8234601597516616
Les Miserables,14,17,0.7577474765362139
Les Miserables,14,18,0.738448943836395
Les Miserables,14,19,0.7814746758456482
Les Miserables,15,16,1.0
Les Miserables,15,17,0.9282929130522688
Les Miserables,15,18,0.9014726073813045
Les Miserables,15,19,0.8707387109545938
Les Miserables,16,17,0.9282929130522688
Les Miserables,16,18,0.9014726073813045
Les Miserables,16,19,0.8707387109545938
Les Miserables,17,18,0.8339182835573803
Les Miserables,17,19,0.8007695836571139
Les Miserables,18,19,0.9039715130804353
Southern women,0,1,0.6755447941888619
Southern women,0,2,0.6755447941888619
Southern women,0,3,0.6755447941888619
Southern women,0,4,0.6867469879518072
Southern women,0,5,0.38927738927738925
Southern women,0,6,0.5212527964205816
Southern women,0,7,0.6761904761904762
Southern women,0,8,0.6755447941888619
Southern women,0,9,0.47884187082405344
Southern women,0,10,0.787012987012987
Southern women,0,11,0.7481481481481481
Southern women,0,12,0.6190476190476191
Southern women,0,13,0.8294573643410853
Southern women,0,14,0.3904761904761905
Southern women,0,15,0.6761904761904762
Southern women,0,16,0.6755447941888619
Southern women,0,17,0.7031630170316302
Southern women,0,18,0.5212527964205816
Southern women,0,19,0.6761904761904762
Southern women,1,2,1.0
Southern women,1,3,1.0
Southern women,1,4,0.5201255909895767
Southern women,1,5,0.6098886366480167
Southern women,1,6,0.72366244755123
Southern women,1,7,0.9146314950358722
Southern women,1,8,1.0
Southern women,1,9,0.7416801208270403
Southern women,1,10,0.6585263238415788
Southern women,1,11,0.6138718466756872
Southern women,1,12,0.9146314950358722
Southern women,1,13,0.6312408258192425
Southern women,1,14,0.663019059352127
Southern women,1,15,0.9146314950358722
Southern women,1,16,1.0
Southern women,1,17,0.5900751161637495
Southern women,1,18,0.72366244755123
Southern women,1,19,0.9146314950358722
Southern women,2,3,1.0
Southern women,2,4,0.5201255909895767
Southern women,2,5,0.6098886366480167
Southern women,2,6,0.72366244755123
Southern women,2,7,0.9146314950358722
Southern women,2,8,1.0
Southern women,2,9,0.7416801208270403
Southern women,2,10,0.6585263238415788
Southern women,2,11,0.6138718466756872
Southern women,2,12,0.9146314950358722
Southern women,2,13,0.6312408258192425
Southern women,2,14,0.663019059352127
Southern women,2,15,0.9146314950358722
Southern women,2,16,1.0
Southern women,2,17,0.5900751161637495
Southern women,2,18,0.72366244755123
Southern women,2,19,0.9146314950358722
Southern women,3,4,0.5201255909895767
Southern women,3,5,0.6098886366480167
Southern women,3,6,0.72366244755123
Southern women,3,7,0.9146314950358722
Southern women,3,8,1.0
Southern women,3,9,0.7416801208270403
Southern women,3,10,0.6585263238415788
Southern women,3,11,0.6138718466756872
Southern women,3,12,0.9146314950358722
Southern women,3,13,0.6312408258192425
Southern women,3,14,0.663019059352127
Southern women,3,15,0.9146314950358722
Southern women,3,16,1.0
Southern women,3,17,0.5900751161637495
Southern women,3,18,0.72366244755123
Southern women,3,19,0.9146314950358722
Southern women,4,5,0.46045615849635324
Southern women,4,6,0.4913704701486052
Southern women,4,7,0.5115993351159933
Southern women,4,8,0.5201255909895767
Southern women,4,9,0.578764927119261
Southern women,4,10,0.7166415935101784
Southern women,4,11,0.725121460107513
Southern women,4,12,0.5653682156536821
Southern women,4,13,0.8493402942572378
Southern women,4,14,0.46679193466791935
Southern women,4,15,0.5115993351159933
Southern women,4,16,0.5201255909895767
Southern women,4,17,0.8547025760266574
Southern women,4,18,0.4913704701486052
Southern women,4,19,0.5115993351159933
Southern women,5,6,0.6336716992150598
Southern women,5,7,0.6878678295398142
Southern women,5,8,0.6098886366480167
Southern women,5,9,0.6600119955445121
Southern women,5,10,0.4954408419183606
Southern women,5,11,0.41812406374645805
Southern women,5,12,0.6878678295398142
Southern women,5,13,0.46923488496522203
Southern women,5,14,0.9164716726937531
Southern women,5,15,0.6878678295398142
Southern women,5,16,0.6098886366480167
Southern women,5,17,0.44897776344317225
Southern women,5,18,0.6336716992150598
Southern women,5,19,0.6878678295398142
Southern women,6,7,0.8068535825545171
Southern women,6,8,0.72366244755123
Southern women,6,9,0.7486528943767842
Southern women,6,10,0.5399625434763221
Southern women,6,11,0.46091682005434303
Southern women,6,12,0.6780893042575286
Southern women,6,13,0.5054395242419386
Southern women,6,14,0.5579093111803393
Southern women,6,15,0.8068535825545171
Southern women,6,16,0.72366244755123
Southern women,6,17,0.5242330699872687
Southern women,6,18,1.0
Southern women,6,19,0.8068535825545171
Southern women,7,8,0.9146314950358722
Southern women,7,9,0.6960574466616033
Southern women,7,10,0.6681992914750886
Southern women,7,11,0.5865758042060526
Southern women,7,12,0.8397932816537468
Southern women,7,13,0.6318677189026681
Southern women,7,14,0.6083835773758255
Southern women,7,15,1.0
Southern women,7,16,0.9146314950358722
Southern women,7,17,0.5629678075721242
Southern women,7,18,0.8068535825545171
Southern women,7,19,1.0
Southern women,8,9,0.7416801208270403
Southern women,8,10,0.6585263238415788
Southern women,8,11,0.6138718466756872
Southern women,8,12,0.9146314950358722
Southern women,8,13,0.6312408258192425
Southern women,8,14,0.663019059352127
Southern women,8,15,0.9146314950358722
Southern women,8,16,1.0
Southern women,8,17,0.5900751161637495
Southern women,8,18,0.72366244755123
Southern women,8,19,0.9146314950358722
Southern women,9,10,0.48890507577238085
Southern women,9,11,0.4192950879829451
Southern women,9,12,0.6960574466616033
Southern women,9,13,0.489757187705078
Southern women,9,14,0.6960574466616033
Southern women,9,15,0.6960574466616033
Southern women,9,16,0.7416801208270403
Southern women,9,17,0.6118868351040707
Southern women,9,18,0.7486528943767842
Southern women,9,19,0.6960574466616033
Southern women,10,11,0.9035075773787522
Southern women,10,12,0.7055852868018392
Southern women,10,13,0.8393684849711568
Southern women,10,14,0.4906158136730233
Southern women,10,15,0.6681992914750886
Southern women,10,16,0.6585263238415788
Southern women,10,17,0.6665962472872534
Southern women,10,18,0.5399625434763221
Southern women,10,19,0.6681992914750886
Southern women,11,12,0.6592657726972961
Southern women,11,13,0.7980808374527479
Southern women,11,14,0.44119586722356563
Southern women,11,15,0.5865758042060526
Southern women,11,16,0.6138718466756872
Southern women,11,17,0.7232606148524242
Southern women,11,18,0.46091682005434303
Southern women,11,19,0.5865758042060526
Southern women,12,13,0.6784667418263811
Southern women,12,14,0.7507895492391616
Southern women,12,15,0.8397932816537468
Southern women,12,16,0.9146314950358722
Southern women,12,17,0.5629678075721242
Southern women,12,18,0.6780893042575286
Southern women,12,19,0.8397932816537468
Southern women,13,14,0.47343104096204436
Southern women,13,15,0.6318677189026681
Southern women,13,16,0.6312408258192425
Southern women,13,17,0.6961656999559716
Southern women,13,18,0.5054395242419386
Southern women,13,19,0.6318677189026681
Southern women,14,15,0.6083835773758255
Southern women,14,16,0.663019059352127
Southern women,14,17,0.4548361310951239
Southern women,14,18,0.5579093111803393
Southern women,14,19,0.6083835773758255
Southern women,15,16,0.9146314950358722
Southern women,15,17,0.5629678075721242
Southern women,15,18,0.8068535825545171
Southern women,15,19,1.0
Southern women,16,17,0.5900751161637495
Southern women,16,18,0.72366244755123
Southern women,16,19,0.9146314950358722
Southern women,17,18,0.5242330699872687
Southern women,17,19,0.5629678075721242
Southern women,18,19,0.8068535825545171
Florentine families,0,1,1.0
Florentine families,0,2,1.0
Florentine families,0,3,1.0
Florentine families,0,4,1.0
Florentine families,0,5,1.0
Florentine families,0,6,1.0
Florentine families,0,7,1.0
Florentine families,0,8,1.0
Florentine families,0,9,1.0
Florentine families,0,10,0.7592847317744154
Florentine families,0,11,1.0
Florentine families,0,12,1.0
Florentine families,0,13,1.0
Florentine families,0,14,1.0
Florentine families,0,15,1.0
Florentine families,0,16,1.0
Florentine families,0,17,1.0
Florentine families,0,18,1.0
Florentine families,0,19,1.0
Florentine families,1,2,1.0
Florentine families,1,3,1.0
Florentine families,1,4,1.0
Florentine families,1,5,1.0
Florentine families,1,6,1.0
Florentine families,1,7,1.0
Florentine families,1,8,1.0
Florentine families,1,9,1.0
Florentine families,1,10,0.7592847317744154
Florentine families,1,11,1.0
Florentine families,1,12,1.0
Florentine families,1,13,1.0
Florentine families,1,14,1.0
Florentine families,1,15,1.0
Florentine families,1,16,1.0
Florentine families,1,17,1.0
Florentine families,1,18,1.0
Florentine families,1,19,1.0
Florentine families,2,3,1.0
Florentine families,2,4,1.0
Florentine families,2,5,1.0
Florentine families,2,6,1.0
Florentine families,2,7,1.0
Florentine families,2,8,1.0
Florentine families,2,9,1.0
Florentine families,2,10,0.7592847317744154
Florentine families,2,11,1.0
Florentine families,2,12,1.0
Florentine families,2,13,1.0
Florentine families,2,14,1.0
Florentine families,2,15,1.0
Florentine families,2,16,1.0
Florentine families,2,17,1.0
Florentine families,2,18,1.0
Florentine families,2,19,1.0
Florentine families,3,4,1.0
Florentine families,3,5,1.0
Florentine families,3,6,1.0
Florentine families,3,7,1.0
Florentine families,3,8,1.0
Florentine families,3,9,1.0
Florentine families,3,10,0.7592847317744154
Florentine families,3,11,1.0
Florentine families,3,12,1.0
Florentine families,3,13,1.0
Florentine families,3,14,1.0
Florentine families,3,15,1.0
Florentine families,3,16,1.0
Florentine families,3,17,1.0
Florentine families,3,18,1.0
Florentine families,3,19,1.0
Florentine families,4,5,1.0
Florentine families,4,6,1.0
Florentine families,4,7,1.0
Florentine families,4,8,1.0
Florentine families,4,9,1.0
Florentine families,4,10,0.7592847317744154
Florentine families,4,11,1.0
Florentine families,4,12,1.0
Florentine families,4,13,1.0
Florentine families,4,14,1.0
Florentine families,4,15,1.0
Florentine families,4,16,1.0
Florentine families,4,17,1.0
Florentine families,4,18,1.0
Florentine families,4,19,1.0
Florentine families,5,6,1.0
Florentine families,5,7,1.0
Florentine families,5,8,1.0
Florentine families,5,9,1.0
Florentine families,5,10,0.7592847317744154
Florentine families,5,11,1.0
Florentine families,5,12,1.0
Florentine families,5,13,1.0
Florentine families,5,14,1.0
Florentine families,5,15,1.0
Florentine families,5,16,1.0
Florentine families,5,17,1.0
Florentine families,5,18,1.0
Florentine families,5,19,1.0
Florentine families,6,7,1.0
Florentine families,6,8,1.0
Florentine families,6,9,1.0
Florentine families,6,10,0.7592847317744154
Florentine families,6,11,1.0
Florentine families,6,12,1.0
Florentine families,6,13,1.0
Florentine families,6,14,1.0
Florentine families,6,15,1.0
Florentine families,6,16,1.0
Florentine families,6,17,1.0
Florentine families,6,18,1.0
Florentine families,6,19,1.0
Florentine families,7,8,1.0
Florentine families,7,9,1.0
Florentine families,7,10,0.7592847317744154
Florentine families,7,11,1.0
Florentine families,7,12,1.0
Florentine families,7,13,1.0
Florentine families,7,14,1.0
Florentine families,7,15,1.0
Florentine families,7,16,1.0
Florentine families,7,17,1.0
Florentine families,7,18,1.0
Florentine families,7,19,1.0
Florentine families,8,9,1.0
Florentine families,8,10,0.7592847317744154
Florentine families,8,11,1.0
Florentine families,8,12,1.0
Florentine families,8,13,1.0
Florentine families,8,14,1.0
Florentine families,8,15,1.0
Florentine families,8,16,1.0
Florentine families,8,17,1.0
Florentine families,8,18,1.0
Florentine families,8,19,1.0
Florentine families,9,10,0.7592847317744154
Florentine families,9,11,1.0
Florentine families,9,12,1.0
Florentine families,9,13,1.0
Florentine families,9,14,1.0
Florentine families,9,15,1.0
Florentine families,9,16,1.0
Florentine families,9,17,1.0
Florentine families,9,18,1.0
Florentine families,9,19,1.0
Florentine families,10,11,0.7592847317744154
Florentine families,10,12,0.7592847317744154
Florentine families,10,13,0.7592847317744154
Florentine families,10,14,0.7592847317744154
Florentine families,10,15,0.7592847317744154
Florentine families,10,16,0.7592847317744154
Florentine families,10,17,0.7592847317744154
Florentine families,10,18,0.7592847317744154
Florentine families,10,19,0.7592847317744154
Florentine families,11,12,1.0
Florentine families,11,13,1.0
Florentine families,11,14,1.0
Florentine families,11,15,1.0
Florentine families,11,16,1.0
Florentine families,11,17,1.0
Florentine families,11,18,1.0
Florentine families,11,19,1.0
Florentine families,12,13,1.0
Florentine families,12,14,1.0
Florentine families,12,15,1.0
Florentine families,12,16,1.0
Florentine families,12,17,1.0
Florentine families,12,18,1.0
Florentine families,12,19,1.0
Florentine families,13,14,1.0
Florentine families,13,15,1.0
Florentine families,13,16,1.0
Florentine families,13,17,1.0
Florentine families,13,18,1.0
Florentine families,13,19,1.0
Florentine families,14,15,1.0
Florentine families,14,16,1.0
Florentine families,14,17,1.0
Florentine families,14,18,1.0
Florentine families,14,19,1.0
Florentine families,15,16,1.0
Florentine families,15,17,1.0
Florentine families,15,18,1.0
Florentine families,15,19,1.0
Florentine families,16,17,1.0
Florentine families,16,18,1.0
Florentine families,16,19,1.0
Florentine families,17,18,1.0
Florentine families,17,19,1.0
Florentine families,18,19,1.0
C. elegans,0,1,0.5605745470823874
C. elegans,0,2,0.7301305040062713
C. elegans,0,3,0.6320777064035609
C. elegans,0,4,0.6680708558764096
C. elegans,0,5,0.640916508382734
C. elegans,0,6,0.6488290849108506
C. elegans,0,7,0.567989268048522
C. elegans,0,8,0.7111353104177794
C. elegans,0,9,0.6218585243831317
C. elegans,0,10,0.5071787898215077
C. elegans,0,11,0.5934116319725584
C. elegans,0,12,0.5687552630490671
C. elegans,0,13,0.7796144763075062
C. elegans,0,14,0.8008205147820758
C. elegans,0,15,0.6196773526017849
C. elegans,0,16,0.6281605076586624
C. elegans,0,17,0.579703987372612
C. elegans,0,18,0.6824741831789034
C. elegans,0,19,0.6225869197320216
C. elegans,1,2,0.5039409108814159
C. elegans,1,3,0.46486379068646505
C. elegans,1,4,0.4673953465810791
C. elegans,1,5,0.5454369746710728
C. elegans,1,6,0.6019481552181809
C. elegans,1,7,0.4546745562130178
C. elegans,1,8,0.5989863410700826
C. elegans,1,9,0.649254825323669
C. elegans,1,10,0.432299247557647
C. elegans,1,11,0.44998753491096616
C. elegans,1,12,0.44937258850409534
C. elegans,1,13,0.6548037332215824
C. elegans,1,14,0.5569087273703944
C. elegans,1,15,0.4847253410544184
C. elegans,1,16,0.49646000366871174
C. elegans,1,17,0.4294711024231918
C. elegans,1,18,0.566871813179564
C. elegans,1,19,0.49615809789601495
C. elegans,2,3,0.6594355722145612
C. elegans,2,4,0.6218380476802817
C. elegans,2,5,0.6223851659296361
C. elegans,2,6,0.7181299620730299
C. elegans,2,7,0.5989162882484746
C. elegans,2,8,0.7111059126191736
C. elegans,2,9,0.561641593203997
C. elegans,2,10,0.5268120737488055
C. elegans,2,11,0.5916517672622387
C. elegans,2,12,0.567052188314732
C. elegans,2,13,0.701698272129155
C. elegans,2,14,0.6345171267606342
C. elegans,2,15,0.5704461089007606
C. elegans,2,16,0.6265363659965947
C. elegans,2,17,0.5577843399021147
C. elegans,2,18,0.6927785397873478
C. elegans,2,19,0.5632497393016138
C. elegans,3,4,0.6617785526211343
C. elegans,3,5,0.6294646336237034
C. elegans,3,6,0.5668000434070495
C. elegans,3,7,0.5865690039643211
C. elegans,3,8,0.6307028585906236
C. elegans,3,9,0.5223065909840086
C. elegans,3,10,0.5081600518860023
C. elegans,3,11,0.5024496923998012
C. elegans,3,12,0.5449176529001627
C. elegans,3,13,0.5941970810165885
C. elegans,3,14,0.5429279014517149
C. elegans,3,15,0.6055964515432571
C. elegans,3,16,0.536976082747815
C. elegans,3,17,0.5332048070153835
C. elegans,3,18,0.6025457247727732
C. elegans,3,19,0.6089843296137367
C. elegans,4,5,0.6134060641413206
C. elegans,4,6,0.5693979439741857
C. elegans,4,7,0.5588894762746778
C. elegans,4,8,0.5930581106319386
C. elegans,4,9,0.4736602324502884
C. elegans,4,10,0.5651690215921038
C. elegans,4,11,0.4115079069847431
C. elegans,4,12,0.5591918116414176
C. elegans,4,13,0.5816378719421743
C. elegans,4,14,0.596475399400369
C. elegans,4,15,0.5983569160881691
C. elegans,4,16,0.5486160171355213
C. elegans,4,17,0.5420986885613622
C. elegans,4,18,0.5884342289406082
C. elegans,4,19,0.48838830867476213
C. elegans,5,6,0.6495543214369105
C. elegans,5,7,0.6515219690414383
C. elegans,5,8,0.6984304598764549
C. elegans,5,9,0.6136593120840287
C. elegans,5,10,0.564043585859259
C. elegans,5,11,0.5492455302448838
C. elegans,5,12,0.547095854672105
C. elegans,5,13,0.6691910236423046
C. elegans,5,14,0.6205503405238605
C. elegans,5,15,0.5219150205948007
C. elegans,5,16,0.7283192837188539
C. elegans,5,17,0.5424894643304777
C. elegans,5,18,0.6713011473034775
C. elegans,5,19,0.6015520212836851
C. elegans,6,7,0.6372596462525504
C. elegans,6,8,0.6269854865552784
C. elegans,6,9,0.7255078217373849
C. elegans,6,10,0.5968047908839912
C. elegans,6,11,0.559558423894538
C. elegans,6,12,0.5735775518845792
C. elegans,6,13,0.700536405502485
C. elegans,6,14,0.6883858145404228
C. elegans,6,15,0.6399073126509213
C. elegans,6,16,0.6427183868978383
C. elegans,6,17,0.5775823965500575
C. elegans,6,18,0.7414669838528579
C. elegans,6,19,0.5433774374423742
C. elegans,7,8,0.5502334315587859
C. elegans,7,9,0.5460786244415179
C. elegans,7,10,0.6740958044235524
C. elegans,7,11,0.5761753297043847
C. elegans,7,12,0.5583838959471691
C. elegans,7,13,0.6273113538156245
C. elegans,7,14,0.5451753496362512
C. elegans,7,15,0.5668986027004175
C. elegans,7,16,0.5226268615029137
C. elegans,7,17,0.5118390478889204
C. elegans,7,18,0.5529203645958264
C. elegans,7,19,0.5981482516440321
C. elegans,8,9,0.5936420148114478
C. elegans,8,10,0.4721872887198505
C. elegans,8,11,0.5898719682137942
C. elegans,8,12,0.5100083921377672
C. elegans,8,13,0.7360939905683138
C. elegans,8,14,0.6401465351726967
C. elegans,8,15,0.5866297261170588
C. elegans,8,16,0.6358581150566281
C. elegans,8,17,0.49660564746077684
C. elegans,8,18,0.7443470338982209
C. elegans,8,19,0.55845501559927
C. elegans,9,10,0.5437022811146527
C. elegans,9,11,0.5536790439226763
C. elegans,9,12,0.5269003301278765
C. elegans,9,13,0.7075067713576726
C. elegans,9,14,0.7367600129656654
C. elegans,9,15,0.5835292045537306
C. elegans,9,16,0.6379603938955029
C. elegans,9,17,0.5007797404426546
C. elegans,9,18,0.6122807281743419
C. elegans,9,19,0.6183137085225493
C. elegans,10,11,0.4847393500614829
C. elegans,10,12,0.5108578306210092
C. elegans,10,13,0.5452188489233802
C. elegans,10,14,0.5244018304407123
C. elegans,10,15,0.5007345095493401
C. elegans,10,16,0.5366977525727659
C. elegans,10,17,0.5180021720002752
C. elegans,10,18,0.49417481551362896
C. elegans,10,19,0.5555213992277315
C. elegans,11,12,0.4725919037266919
C. elegans,11,13,0.5762355400185619
C. elegans,11,14,0.5812796761407786
C. elegans,11,15,0.5195305276777076
C. elegans,11,16,0.5393361168929439
C. elegans,11,17,0.46249794664288685
C. elegans,11,18,0.5316295213118364
C. elegans,11,19,0.6006719917933783
C. elegans,12,13,0.5319097277252371
C. elegans,12,14,0.5719058753742012
C. elegans,12,15,0.53725318637412
C. elegans,12,16,0.4951720056803526
C. elegans,12,17,0.4583821333090866
C. elegans,12,18,0.5851009758320774
C. elegans,12,19,0.46600754329266975
C. elegans,13,14,0.7543198289180049
C. elegans,13,15,0.6051079436123707
C. elegans,13,16,0.6409927056838374
C. elegans,13,17,0.588274830297881
C. elegans,13,18,0.6858141329394484
C. elegans,13,19,0.6177353803867628
C. elegans,14,15,0.6418848683260582
C. elegans,14,16,0.6508964041492132
C. elegans,14,17,0.5412404873931809
C. elegans,14,18,0.6298173299070877
C. elegans,14,19,0.5868654423796857
C. elegans,15,16,0.527404240011038
C. elegans,15,17,0.5131754428090014
C. elegans,15,18,0.6050239228053638
C. elegans,15,19,0.4987344974153918
C. elegans,16,17,0.5451308578236819
C. elegans,16,18,0.6167093632738108
C. elegans,16,19,0.6058795175107675
C. elegans,17,18,0.5087932339426082
C. elegans,17,19,0.5323266935950554
C. elegans,18,19,0.5223620686175025
