beta,seed,n,m,density,mean_degree,degree_cv,degree_gini,degree_q25,degree_q50,degree_q75,degree_q95,clustering_mean,clustering_q25,clustering_q50,clustering_q75,transitivity,triangles,components,largest_component_fraction,isolate_fraction,bridges,bridge_fraction,articulation_fraction,core_max,core_mean,communities,modularity,largest_community_fraction,community_gini,assortativity,betweenness_mean,betweenness_q95
0.0,0,300,1200,0.026755852842809364,8.0,0.0,0.0,8.0,8.0,8.0,8.0,0.642857142857143,0.6428571428571429,0.6428571428571429,0.6428571428571429,0.6428571428571429,1800,1,1.0,0.0,0,0.0,0.0,8.0,8.0,13,0.8105333333333333,0.12,0.1215384615384616,,0.06104052792557591,0.07826650059714711
0.0,1,300,1200,0.026755852842809364,8.0,0.0,0.0,8.0,8.0,8.0,8.0,0.642857142857143,0.6428571428571429,0.6428571428571429,0.6428571428571429,0.6428571428571429,1800,1,1.0,0.0,0,0.0,0.0,8.0,8.0,12,0.8122444444444444,0.12,0.12611111111111128,,0.06104479822624741,0.08722806469982922
0.0,2,300,1200,0.026755852842809364,8.0,0.0,0.0,8.0,8.0,8.0,8.0,0.642857142857143,0.6428571428571429,0.6428571428571429,0.6428571428571429,0.6428571428571429,1800,1,1.0,0.0,0,0.0,0.0,8.0,8.0,11,0.8110888888888889,0.12,0.1454545454545455,,0.061037587539732756,0.07619523170951903
0.0,3,300,1200,0.026755852842809364,8.0,0.0,0.0,8.0,8.0,8.0,8.0,0.642857142857143,0.6428571428571429,0.6428571428571429,0.6428571428571429,0.6428571428571429,1800,1,1.0,0.0,0,0.0,0.0,8.0,8.0,12,0.8093555555555556,0.12,0.1661111111111111,,0.06103453462954778,0.0807395332224156
0.0,4,300,1200,0.026755852842809364,8.0,0.0,0.0,8.0,8.0,8.0,8.0,0.642857142857143,0.6428571428571429,0.6428571428571429,0.6428571428571429,0.6428571428571429,1800,1,1.0,0.0,0,0.0,0.0,8.0,8.0,11,0.8116444444444444,0.12,0.14060606060606062,,0.06104987900232898,0.07961062980692848
0.0,5,300,1200,0.026755852842809364,8.0,0.0,0.0,8.0,8.0,8.0,8.0,0.642857142857143,0.6428571428571429,0.6428571428571429,0.6428571428571429,0.6428571428571429,1800,1,1.0,0.0,0,0.0,0.0,8.0,8.0,10,0.8126444444444444,0.12,0.10933333333333328,,0.06104904371455265,0.0858314812688111
0.0,6,300,1200,0.026755852842809364,8.0,0.0,0.0,8.0,8.0,8.0,8.0,0.642857142857143,0.6428571428571429,0.6428571428571429,0.6428571428571429,0.6428571428571429,1800,1,1.0,0.0,0,0.0,0.0,8.0,8.0,14,0.8085777777777777,0.12666666666666668,0.06095238095238109,,0.061036805487187006,0.0794262677514939
0.0,7,300,1200,0.026755852842809364,8.0,0.0,0.0,8.0,8.0,8.0,8.0,0.642857142857143,0.6428571428571429,0.6428571428571429,0.6428571428571429,0.6428571428571429,1800,1,1.0,0.0,0,0.0,0.0,8.0,8.0,11,0.8133777777777778,0.12,0.11393939393939401,,0.061054660056842174,0.08554648213775902
0.0,8,300,1200,0.026755852842809364,8.0,0.0,0.0,8.0,8.0,8.0,8.0,0.642857142857143,0.6428571428571429,0.6428571428571429,0.6428571428571429,0.6428571428571429,1800,1,1.0,0.0,0,0.0,0.0,8.0,8.0,11,0.8138222222222222,0.10666666666666667,0.10424242424242425,,0.06102393671940573,0.07154908281120001
0.0,9,300,1200,0.026755852842809364,8.0,0.0,0.0,8.0,8.0,8.0,8.0,0.642857142857143,0.6428571428571429,0.6428571428571429,0.6428571428571429,0.6428571428571429,1800,1,1.0,0.0,0,0.0,0.0,8.0,8.0,10,0.8125111111111111,0.12,0.11133333333333328,,0.06104067761594751,0.08192633302807079
0.001,0,300,1200,0.026755852842809364,8.0,0.014433756729740645,0.0016555555555555213,8.0,8.0,8.0,8.0,0.6397619047619049,0.6428571428571429,0.6428571428571429,0.6428571428571429,0.6394905974767913,1791,1,1.0,0.0,0,0.0,0.0,7.0,7.0,12,0.8127552083333334,0.11,0.11944444444444446,-0.0002083767451552393,0.048684408589865794,0.11332453946173127
0.001,1,300,1200,0.026755852842809364,8.0,0.010206207261596576,0.0008305555555554456,8.0,8.0,8.0,8.0,0.6411111111111112,0.6428571428571429,0.6428571428571429,0.6428571428571429,0.6409951196286157,1795,1,1.0,0.0,0,0.0,0.0,7.0,7.0,10,0.8134,0.12333333333333334,0.10066666666666668,-0.00010417751849150158,0.057734602097569386,0.10241762082266205
0.001,2,300,1200,0.026755852842809364,8.0,0.0,0.0,8.0,8.0,8.0,8.0,0.642857142857143,0.6428571428571429,0.6428571428571429,0.6428571428571429,0.6428571428571429,1800,1,1.0,0.0,0,0.0,0.0,8.0,8.0,11,0.8110888888888889,0.12,0.1454545454545455,,0.061037587539732756,0.07619523170951903
0.001,3,300,1200,0.026755852842809364,8.0,0.0,0.0,8.0,8.0,8.0,8.0,0.642857142857143,0.6428571428571429,0.6428571428571429,0.6428571428571429,0.6428571428571429,1800,1,1.0,0.0,0,0.0,0.0,8.0,8.0,12,0.8093555555555556,0.12,0.1661111111111111,,0.06103453462954778,0.0807395332224156
0.001,4,300,1200,0.026755852842809364,8.0,0.014433756729740645,0.0016555555555555213,8.0,8.0,8.0,8.0,0.6397619047619049,0.6428571428571429,0.6428571428571429,0.6428571428571429,0.6394905974767913,1791,1,1.0,0.0,0,0.0,0.0,7.0,7.0,12,0.8098663194444444,0.12,0.1527777777777779,-0.00020837674515522032,0.0509113560855683,0.1363233034075089
0.001,5,300,1200,0.026755852842809364,8.0,0.014433756729740645,0.0016555555555555213,8.0,8.0,8.0,8.0,0.6389682539682541,0.6428571428571429,0.6428571428571429,0.6428571428571429,0.63877648179005,1789,1,1.0,0.0,0,0.0,0.0,7.0,7.0,11,0.81084375,0.12666666666666668,0.14181818181818184,-0.00020837674515523932,0.04905974991895299,0.10093827148888992
0.001,6,300,1200,0.026755852842809364,8.0,0.017677669529663688,0.002475000000000005,8.0,8.0,8.0,8.0,0.6386243386243388,0.6428571428571429,0.6428571428571429,0.6428571428571429,0.6383434487682971,1788,1,1.0,0.0,0,0.0,0.0,7.0,7.0,13,0.8082184027777778,0.12,0.11794871794871797,-0.08367198082734209,0.0385689657331925,0.09829264198348243
0.001,7,300,1200,0.026755852842809364,8.0,0.014433756729740645,0.0016555555555555213,8.0,8.0,8.0,8.0,0.6397619047619049,0.6428571428571429,0.6428571428571429,0.6428571428571429,0.6394905974767913,1791,1,1.0,0.0,0,0.0,0.0,7.0,7.0,10,0.8096243055555555,0.12333333333333334,0.1339999999999999,-0.00020837674515524084,0.04085294787539484,0.11309742277854849
0.001,8,300,1200,0.026755852842809364,8.0,0.014433756729740645,0.0016555555555555213,8.0,8.0,8.0,8.0,0.6397619047619049,0.6428571428571429,0.6428571428571429,0.6428571428571429,0.6394905974767913,1791,1,1.0,0.0,0,0.0,0.0,7.0,7.0,11,0.8112993055555555,0.12,0.144848484848485,-0.0002083767451552301,0.03826429203743905,0.11597508809402128
0.001,9,300,1200,0.026755852842809364,8.0,0.0,0.0,8.0,8.0,8.0,8.0,0.642857142857143,0.6428571428571429,0.6428571428571429,0.6428571428571429,0.6428571428571429,1800,1,1.0,0.0,0,0.0,0.0,8.0,8.0,10,0.8125111111111111,0.12,0.11133333333333328,,0.06104067761594751,0.08192633302807079
0.005,0,300,1200,0.026755852842809364,8.0,0.030618621784789725,0.006508333333333338,8.0,8.0,8.0,8.0,0.6298862433862435,0.6428571428571429,0.6428571428571429,0.6428571428571429,0.6289689618266143,1763,1,1.0,0.0,0,0.0,0.0,7.0,6.996666666666667,12,0.8114652777777778,0.12,0.12555555555555564,-0.07351394480107289,0.02905244564722832,0.07971093099996877
0.005,1,300,1200,0.026755852842809364,8.0,0.02282177322938192,0.0040972222222221966,8.0,8.0,8.0,8.0,0.63494708994709,0.6428571428571429,0.6428571428571429,0.6428571428571429,0.6342653182629387,1777,1,1.0,0.0,0,0.0,0.0,7.0,7.0,10,0.8092434027777777,0.12,0.10399999999999987,-0.025534132360604127,0.029669431170669322,0.06891346820417683
0.005,2,300,1200,0.026755852842809364,8.0,0.020412414523193152,0.0032888888888888967,8.0,8.0,8.0,8.0,0.6370634920634921,0.6428571428571429,0.6428571428571429,0.6428571428571429,0.6364826273203237,1783,1,1.0,0.0,0,0.0,0.0,7.0,7.0,12,0.8109013888888889,0.11666666666666667,0.12222222222222223,0.030846185910796728,0.033545369720990564,0.07881019158922323
0.005,3,300,1200,0.026755852842809364,8.0,0.025,0.004899999999999904,8.0,8.0,8.0,8.0,0.6328306878306881,0.6428571428571429,0.6428571428571429,0.6428571428571429,0.6320485367594575,1771,1,1.0,0.0,0,0.0,0.0,7.0,7.0,10,0.8089569444444444,0.12333333333333334,0.12466666666666648,-0.021471753179070303,0.03059303635700258,0.08448236337085853
0.005,4,300,1200,0.026755852842809364,8.0,0.02282177322938192,0.0040972222222221966,8.0,8.0,8.0,8.0,0.6352777777777779,0.6428571428571429,0.6428571428571429,0.6428571428571429,0.634622248661511,1778,1,1.0,0.0,0,0.0,0.0,7.0,7.0,11,0.8143923611111111,0.11333333333333333,0.11393939393939401,0.0495049504950488,0.03169775207297057,0.12665185437257315
0.005,5,300,1200,0.026755852842809364,8.0,0.03227486121839514,0.008055555555555483,8.0,8.0,8.0,8.0,0.6264153439153439,0.6428571428571429,0.6428571428571429,0.6428571428571429,0.6249702734839477,1752,1,1.0,0.0,0,0.0,0.0,7.0,7.0,9,0.8098190972222222,0.12666666666666668,0.046666666666666634,-0.0260688216892599,0.023538563301128603,0.09378603220985567
0.005,6,300,1200,0.026755852842809364,8.0,0.033850160019316504,0.008080555555555424,8.0,8.0,8.0,8.0,0.6279867724867726,0.6428571428571429,0.6428571428571429,0.6428571428571429,0.6266793484722387,1757,1,1.0,0.0,0,0.0,0.0,7.0,7.0,12,0.806896875,0.12,0.12944444444444447,-0.0011092877639145265,0.02635716275722361,0.11478381188508958
0.005,7,300,1200,0.026755852842809364,8.0,0.030618621784789725,0.00727499999999992,8.0,8.0,8.0,8.0,0.6301322751322752,0.6428571428571429,0.6428571428571429,0.6428571428571429,0.6289689618266143,1763,1,1.0,0.0,0,0.0,0.0,7.0,7.0,11,0.8057270833333333,0.12666666666666668,0.16060606060606064,-0.014840301671705807,0.027363159561794383,0.07328349150037776
0.005,8,300,1200,0.026755852842809364,8.0,0.027003086243366083,0.005697222222222242,8.0,8.0,8.0,8.0,0.6338888888888891,0.6428571428571429,0.6428571428571429,0.6428571428571429,0.6326870465088617,1773,1,1.0,0.0,0,0.0,0.0,7.0,7.0,10,0.8107788194444444,0.13,0.11933333333333329,0.017140474453097895,0.02493226946551116,0.08043809820169259
0.005,9,300,1200,0.026755852842809364,8.0,0.014433756729740645,0.0016555555555555213,8.0,8.0,8.0,8.0,0.6401587301587303,0.6428571428571429,0.6428571428571429,0.6428571428571429,0.6398476553201619,1792,1,1.0,0.0,0,0.0,0.0,7.0,7.0,10,0.8117493055555556,0.12,0.09999999999999987,-0.00020837674515523995,0.03892027732763671,0.10411616389037343
0.01,0,300,1200,0.026755852842809364,8.0,0.04330127018922193,0.013408333333333244,8.0,8.0,8.0,9.0,0.6174391534391536,0.6071428571428571,0.6428571428571429,0.6428571428571429,0.6151104775481112,1726,1,1.0,0.0,0,0.0,0.0,7.0,6.996666666666667,12,0.8080368055555556,0.12333333333333334,0.09388888888888891,-0.009024372912669883,0.01837628478125816,0.07860196710686111
0.01,1,300,1200,0.026755852842809364,8.0,0.036799003609699364,0.009630555555555587,8.0,8.0,8.0,8.0,0.6225899470899472,0.6071428571428571,0.6428571428571429,0.6428571428571429,0.6204683228337098,1740,1,1.0,0.0,0,0.0,0.0,7.0,6.996666666666667,11,0.8081190972222222,0.12666666666666668,0.11757575757575767,0.008518478736852578,0.02005540187257085,0.08846091873687022
0.01,2,300,1200,0.026755852842809364,8.0,0.03952847075210474,0.011158333333333159,8.0,8.0,8.0,8.0,0.6230661375661377,0.6190476190476191,0.6428571428571429,0.6428571428571429,0.6210338680926917,1742,1,1.0,0.0,0,0.0,0.0,7.0,7.0,11,0.8058052083333334,0.12333333333333334,0.1266666666666667,-0.009669211195928971,0.025104351453308516,0.09508153020048668
0.01,3,300,1200,0.026755852842809364,8.0,0.02886751345948129,0.006488888888888766,8.0,8.0,8.0,8.0,0.6311772486772488,0.6428571428571429,0.6428571428571429,0.6428571428571429,0.6301141769743102,1766,1,1.0,0.0,0,0.0,0.0,7.0,7.0,12,0.8090760416666667,0.11666666666666667,0.13555555555555565,-0.06338615512927355,0.02630655400783366,0.07247106811800152
0.01,4,300,1200,0.026755852842809364,8.0,0.038188130791298666,0.010397222222222169,8.0,8.0,8.0,8.0,0.6221931216931218,0.6071428571428571,0.6428571428571429,0.6428571428571429,0.6203945804611362,1740,1,1.0,0.0,0,0.0,0.0,7.0,7.0,10,0.8034805555555555,0.12,0.10266666666666668,-0.010130330033961433,0.020082568870717514,0.08059899771080672
0.01,5,300,1200,0.026755852842809364,8.0,0.035355339059327376,0.00885833333333319,8.0,8.0,8.0,8.0,0.625383597883598,0.6428571428571429,0.6428571428571429,0.6428571428571429,0.6237517831669044,1749,1,1.0,0.0,0,0.0,0.0,7.0,6.996666666666667,10,0.8101256944444445,0.12333333333333334,0.08533333333333326,-0.055124892334194035,0.020605039833944433,0.09513170148762949
0.01,6,300,1200,0.026755852842809364,8.0,0.04330127018922193,0.013408333333333244,8.0,8.0,8.0,9.0,0.6143095238095239,0.6071428571428571,0.6428571428571429,0.6428571428571429,0.6122594440484675,1718,1,1.0,0.0,0,0.0,0.0,7.0,7.0,12,0.8019100694444444,0.12333333333333334,0.1444444444444446,-0.01547059224425745,0.019170284608264546,0.08513154972995099
0.01,7,300,1200,0.026755852842809364,8.0,0.033850160019316504,0.008830555555555453,8.0,8.0,8.0,8.0,0.6285317460317462,0.6428571428571429,0.6428571428571429,0.6428571428571429,0.6270360242539531,1758,1,1.0,0.0,0,0.0,0.0,7.0,7.0,11,0.8083319444444445,0.12666666666666668,0.1393939393939394,-0.0011471477734907364,0.024928100731586612,0.07055060454495059
0.01,8,300,1200,0.026755852842809364,8.0,0.030618621784789725,0.00727499999999992,8.0,8.0,8.0,8.0,0.6286243386243388,0.6428571428571429,0.6428571428571429,0.6428571428571429,0.6275419193721014,1759,1,1.0,0.0,0,0.0,0.0,7.0,7.0,12,0.8092552083333333,0.11666666666666667,0.10944444444444446,-0.028742223612413995,0.024436993889256124,0.10775333321463354
0.01,9,300,1200,0.026755852842809364,8.0,0.040824829046386304,0.01262222222222209,8.0,8.0,8.0,9.0,0.6189285714285715,0.6071428571428571,0.6428571428571429,0.6428571428571429,0.6166825095057035,1730,1,1.0,0.0,0,0.0,0.0,7.0,7.0,11,0.8057993055555556,0.13333333333333333,0.14969696969696988,-0.01732053422370585,0.0208373057254312,0.09452426126804808
0.05,0,300,1200,0.026755852842809364,8.0,0.08354140689901425,0.0397694444444443,8.0,8.0,8.0,9.0,0.542572631072631,0.4722222222222222,0.5714285714285714,0.6428571428571429,0.5346639896067084,1509,1,1.0,0.0,0,0.0,0.0,7.0,6.993333333333333,12,0.7780864583333333,0.11,0.1033333333333335,-0.0085689196292878,0.011908469720681193,0.03737242104628082
0.05,1,300,1200,0.026755852842809364,8.0,0.07569125885243728,0.03387499999999988,8.0,8.0,8.0,9.0,0.5501387686387688,0.4722222222222222,0.5714285714285714,0.6190476190476191,0.5439384979302188,1533,1,1.0,0.0,0,0.0,0.0,6.0,6.0,11,0.7821746527777778,0.11666666666666667,0.11212121212121229,0.012109213131359445,0.01235088718767028,0.04226273372744286
0.05,2,300,1200,0.026755852842809364,8.0,0.08291561975888499,0.04041944444444434,8.0,8.0,8.0,9.0,0.540952861952862,0.4722222222222222,0.5714285714285714,0.6071428571428571,0.533309709425939,1505,1,1.0,0.0,0,0.0,0.0,6.0,6.0,12,0.7763736111111111,0.11,0.0838888888888889,0.00805723030403592,0.011892614242589108,0.038331067946978735
0.05,3,300,1200,0.026755852842809364,8.0,0.07430231041719587,0.033280555555555535,8.0,8.0,8.0,9.0,0.5478862433862434,0.4722222222222222,0.5714285714285714,0.6190476190476191,0.5433573879096179,1531,1,1.0,0.0,0,0.0,0.0,6.0,6.0,14,0.7785798611111111,0.1,0.09000000000000008,-0.0055912625823318,0.01244444851526678,0.03702701560335894
0.05,4,300,1200,0.026755852842809364,8.0,0.07071067811865475,0.03175555555555554,8.0,8.0,8.0,9.0,0.5617698412698413,0.5,0.6071428571428571,0.6428571428571429,0.5561079545454546,1566,1,1.0,0.0,0,0.0,0.0,6.0,6.0,11,0.7874170138888889,0.12333333333333334,0.13515151515151524,0.034233668341708295,0.012730992111129602,0.04402697966964575
0.05,5,300,1200,0.026755852842809364,8.0,0.08100925873009825,0.03667500000000001,8.0,8.0,8.0,9.0,0.5565514670514671,0.5,0.6071428571428571,0.6190476190476191,0.5480326125487416,1546,1,1.0,0.0,0,0.0,0.0,6.0,6.0,12,0.7838913194444445,0.11666666666666667,0.13277777777777788,-0.040317257056636156,0.011957808213001906,0.04236965822057545
0.05,6,300,1200,0.026755852842809364,8.0,0.07569125885243728,0.03338888888888891,8.0,8.0,8.0,9.0,0.5573862433862433,0.5,0.6071428571428571,0.6190476190476191,0.5517445298639858,1555,1,1.0,0.0,0,0.0,0.0,6.0,6.0,12,0.7828725694444444,0.12333333333333334,0.15000000000000013,-0.05376446497452271,0.0126042002045222,0.0415445438103152
0.05,7,300,1200,0.026755852842809364,8.0,0.08164965809277261,0.037355555555555586,8.0,8.0,8.0,9.0,0.5603306878306878,0.5,0.5857142857142856,0.6428571428571429,0.5525756143667296,1559,1,1.0,0.0,0,0.0,0.0,6.0,6.0,12,0.7870083333333333,0.11,0.10388888888888892,-0.018508808724832567,0.012717648764178599,0.042791822969329714
0.05,8,300,1200,0.026755852842809364,8.0,0.07839536550927824,0.03620555555555538,8.0,8.0,8.0,9.0,0.5566428571428572,0.5,0.5714285714285714,0.6428571428571429,0.5500650195058517,1551,1,1.0,0.0,0,0.0,0.0,6.0,5.996666666666667,13,0.7798819444444445,0.11666666666666667,0.12410256410256415,-0.030212689655672413,0.01219111142317795,0.03937994183230235
0.05,9,300,1200,0.026755852842809364,8.0,0.07216878364870322,0.0319666666666667,8.0,8.0,8.0,9.0,0.5562989417989418,0.5,0.5857142857142856,0.625,0.5502958579881657,1550,1,1.0,0.0,0,0.0,0.0,6.0,6.0,12,0.7831677083333334,0.12333333333333334,0.1100000000000001,-0.010109345987208815,0.012285174946162165,0.03957347692012915
0.1,0,300,1200,0.026755852842809364,8.0,0.10897247358851683,0.05642222222222215,7.0,8.0,8.0,9.0,0.4695800865800866,0.39285714285714285,0.4722222222222222,0.5714285714285714,0.4594785059901339,1304,1,1.0,0.0,0,0.0,0.0,6.0,6.0,13,0.738990625,0.12,0.1446153846153846,-0.010556611574685782,0.010097793541249702,0.029262559624215916
0.1,1,300,1200,0.026755852842809364,8.0,0.09789450103725608,0.04856944444444444,8.0,8.0,8.0,9.0,0.4967010582010582,0.42857142857142855,0.5,0.6071428571428571,0.4864578426754593,1377,1,1.0,0.0,0,0.0,0.0,6.0,6.0,12,0.7576045138888888,0.12,0.1433333333333333,0.02461999963417532,0.010576557658662044,0.03255762249625661
0.1,2,300,1200,0.026755852842809364,8.0,0.10992421631894099,0.05764444444444439,7.0,8.0,8.0,9.050000000000011,0.4670444925444925,0.38095238095238093,0.4722222222222222,0.5714285714285714,0.4565523720056365,1296,1,1.0,0.0,0,0.0,0.0,6.0,6.0,12,0.7410131944444445,0.10666666666666667,0.09444444444444455,-0.022548505506030547,0.009857362033309133,0.026471040111502375
0.1,3,300,1200,0.026755852842809364,8.0,0.10408329997330663,0.052855555555555434,8.0,8.0,8.0,9.0,0.47172318422318427,0.39285714285714285,0.4722222222222222,0.5714285714285714,0.46248824082784573,1311,1,1.0,0.0,0,0.0,0.0,6.0,5.996666666666667,12,0.7491628472222223,0.11,0.14166666666666683,0.03964807128319333,0.009902720733317343,0.030045410150475044
0.1,4,300,1200,0.026755852842809364,8.0,0.10992421631894099,0.0556333333333332,8.0,8.0,8.0,9.050000000000011,0.4650161135161135,0.38095238095238093,0.4722222222222222,0.5714285714285714,0.45479098168154064,1291,1,1.0,0.0,0,0.0,0.0,6.0,5.99,12,0.7467298611111111,0.12666666666666668,0.14500000000000002,-0.04655080439116167,0.010115022808557797,0.029302138812557114
0.1,5,300,1200,0.026755852842809364,8.0,0.11133657679906156,0.05767777777777772,8.0,8.0,8.25,9.0,0.45902741702741695,0.3611111111111111,0.4444444444444444,0.5714285714285714,0.4475877450404977,1271,1,1.0,0.0,0,0.0,0.0,6.0,5.993333333333333,12,0.7358847222222222,0.1,0.09555555555555562,-0.00948162167063668,0.009560915373493432,0.026883103048018598
0.1,6,300,1200,0.026755852842809364,8.0,0.11086778913041725,0.05677500000000002,8.0,8.0,9.0,9.0,0.48831240981240986,0.4255952380952381,0.47619047619047616,0.5714285714285714,0.4754637238788448,1350,1,1.0,0.0,0,0.0,0.0,6.0,5.993333333333333,13,0.7554600694444444,0.13666666666666666,0.14358974358974375,-0.002774235486769831,0.010010024904037811,0.029244636244455908
0.1,7,300,1200,0.026755852842809364,8.0,0.11770372409854613,0.06255555555555548,7.0,8.0,9.0,9.050000000000011,0.4595019240019241,0.38095238095238093,0.4642857142857143,0.5714285714285714,0.44544708777686626,1267,1,1.0,0.0,0,0.0,0.0,6.0,6.0,11,0.741659375,0.13333333333333333,0.10848484848484863,-0.05058015216626317,0.009660571605170254,0.03000475699728952
0.1,8,300,1200,0.026755852842809364,8.0,0.10944937947136414,0.05642222222222215,8.0,8.0,8.0,10.0,0.4895343915343915,0.4,0.5,0.5714285714285714,0.4752789195537287,1349,1,1.0,0.0,0,0.0,0.0,6.0,6.0,12,0.748648611111111,0.11,0.12722222222222235,-0.031005853940836912,0.010351504169321417,0.030586608789529644
0.1,9,300,1200,0.026755852842809364,8.0,0.1159202311936963,0.06105277777777762,7.0,8.0,8.0,10.0,0.44903823953823957,0.3611111111111111,0.4642857142857143,0.5357142857142857,0.4379176925782624,1245,1,1.0,0.0,0,0.0,0.0,6.0,6.0,14,0.7334225694444445,0.08666666666666667,0.06809523809523821,-0.026701167525719105,0.009524275111323078,0.025775306135047398
0.3,0,300,1200,0.026755852842809364,8.0,0.17410485346480148,0.09604444444444438,7.0,8.0,9.0,10.0,0.24188528138528137,0.16666666666666666,0.2222222222222222,0.32142857142857145,0.2309285467725233,669,1,1.0,0.0,0,0.0,0.0,6.0,5.96,13,0.5964364583333334,0.15333333333333332,0.14410256410256417,-0.007731843389310632,0.007746631693115448,0.017506168102813198
0.3,1,300,1200,0.026755852842809364,8.0,0.1670828137980285,0.09181388888888886,7.0,8.0,9.0,10.0,0.2706310726310726,0.17857142857142858,0.25,0.35714285714285715,0.2599215505306876,751,1,1.0,0.0,0,0.0,0.0,6.0,5.86,14,0.6169822916666666,0.09666666666666666,0.11285714285714299,-0.0062936893497934675,0.007614276068996073,0.019621390846622788
0.3,2,300,1200,0.026755852842809364,8.0,0.18902160370356258,0.10286666666666666,7.0,8.0,9.0,10.0,0.24198867798867799,0.15555555555555556,0.23809523809523808,0.30694444444444446,0.23058446757405926,672,1,1.0,0.0,0,0.0,0.0,6.0,5.886666666666667,12,0.5915270833333334,0.12,0.11722222222222234,-0.006766563480694797,0.007566644255793372,0.0168656646181559
0.3,3,300,1200,0.026755852842809364,8.0,0.1839950180484968,0.1008027777777778,7.0,8.0,9.0,11.0,0.22332732082732085,0.14285714285714285,0.21428571428571427,0.2857142857142857,0.21593123209169054,628,1,1.0,0.0,0,0.0,0.0,6.0,5.8966666666666665,15,0.5762760416666667,0.11,0.13777777777777778,-0.009644564218589394,0.007536230617489606,0.01811313391314587
0.3,4,300,1200,0.026755852842809364,8.0,0.18228869045189464,0.09988055555555553,7.0,8.0,9.0,10.0,0.24455884855884857,0.14545454545454545,0.2222222222222222,0.30694444444444446,0.23121917651106777,672,1,1.0,0.0,0,0.0,0.0,6.0,5.95,12,0.609879513888889,0.11666666666666667,0.16833333333333345,-0.06363874011154265,0.007702241978761313,0.017339547344671073
0.3,5,300,1200,0.026755852842809364,8.0,0.1848422751068236,0.10246944444444428,7.0,8.0,9.0,11.0,0.22954882154882156,0.14285714285714285,0.21428571428571427,0.2857142857142857,0.2175756186984418,633,1,1.0,0.0,0,0.0,0.0,6.0,5.913333333333333,13,0.5840170138888889,0.11333333333333333,0.15538461538461545,-0.06962835540264835,0.007485776687566921,0.017775351942110173
0.3,6,300,1200,0.026755852842809364,8.0,0.17199806200458578,0.09375833333333317,7.0,8.0,9.0,10.0,0.20946065046065043,0.1388888888888889,0.19444444444444445,0.273989898989899,0.20071395670198067,581,1,1.0,0.0,0,0.0,0.0,6.0,5.973333333333334,12,0.5752822916666667,0.11333333333333333,0.10944444444444446,0.007917554043346781,0.007490785154176537,0.01768568845317802
0.3,7,300,1200,0.026755852842809364,8.0,0.19364916731037085,0.10763888888888884,7.0,8.0,9.0,11.0,0.20297667147667145,0.13333333333333333,0.19047619047619047,0.26944444444444443,0.18972602739726027,554,1,1.0,0.0,0,0.0,0.0,6.0,5.9,13,0.5660753472222222,0.12,0.17487179487179483,-0.07268424611223775,0.0072318211579995625,0.017487955992205515
0.3,8,300,1200,0.026755852842809364,8.0,0.1845602882529175,0.10228888888888887,7.0,8.0,9.0,11.0,0.25267998667998665,0.15454545454545454,0.2222222222222222,0.3333333333333333,0.23685115159848746,689,1,1.0,0.0,0,0.0,0.0,5.0,5.0,13,0.6017809027777777,0.13,0.13435897435897437,-0.07238203938127205,0.00760354561523456,0.018382894757622073
0.3,9,300,1200,0.026755852842809364,8.0,0.1868042647621658,0.10296111111111106,7.0,8.0,9.0,11.0,0.22593169793169793,0.1388888888888889,0.2,0.3013888888888889,0.20950200343445907,610,1,1.0,0.0,0,0.0,0.0,6.0,5.94,14,0.5824319444444445,0.10666666666666667,0.1590476190476191,0.030140615602469768,0.007463597540174883,0.017614269468362684
1.0,0,300,1200,0.026755852842809364,8.0,0.24622144504490262,0.13579722222222212,7.0,8.0,9.0,12.0,0.02277210752210752,0.0,0.0,0.03571428571428571,0.022044088176352707,66,1,1.0,0.0,0,0.0,0.0,5.0,4.99,12,0.31653298611111114,0.13666666666666666,0.22611111111111115,-0.06660523398566182,0.00650246656498869,0.017454496794698144
1.0,1,300,1200,0.026755852842809364,8.0,0.2516611478423583,0.13969444444444434,7.0,8.0,9.0,11.0,0.023672013172013166,0.0,0.011904761904761904,0.03571428571428571,0.024644760213143872,74,1,1.0,0.0,0,0.0,0.0,5.0,4.983333333333333,10,0.3241850694444445,0.13666666666666666,0.1379999999999999,-0.02157654635369571,0.006456540334829844,0.016584165678229686
1.0,2,300,1200,0.026755852842809364,8.0,0.248327740429189,0.1389027777777776,7.0,8.0,9.0,12.0,0.026296980796980795,0.0,0.015151515151515152,0.04599567099567099,0.02468861209964413,74,1,1.0,0.0,0,0.0,0.0,6.0,5.723333333333334,11,0.31988229166666665,0.14,0.2139393939393941,-0.04641029020552973,0.006487123132801145,0.015596349018278463
1.0,3,300,1200,0.026755852842809364,8.0,0.25495097567963926,0.14070555555555542,6.0,8.0,9.0,11.050000000000011,0.025175047175047177,0.0,0.0,0.04599567099567099,0.024268617021276594,73,1,1.0,0.0,0,0.0,0.0,5.0,4.983333333333333,10,0.3211329861111111,0.17666666666666667,0.1519999999999999,-0.02889265611354493,0.006650782371223157,0.017037751023062594
1.0,4,300,1200,0.026755852842809364,8.0,0.24345601929985902,0.13265277777777773,7.0,8.0,9.0,11.0,0.02136589554236613,0.0,0.0,0.03571428571428571,0.022410525142156315,67,1,1.0,0.0,0,0.0,0.0,6.0,5.796666666666667,10,0.3156736111111111,0.15,0.19466666666666654,-0.03543888621335695,0.006454076814081949,0.016476319993966343
1.0,5,300,1200,0.026755852842809364,8.0,0.24302777619029475,0.13429444444444427,7.0,8.0,9.0,11.050000000000011,0.018428256928256927,0.0,0.0,0.03571428571428571,0.01906992305118769,57,1,1.0,0.0,0,0.0,0.0,5.0,4.986666666666666,10,0.32974305555555555,0.14666666666666667,0.19466666666666654,-0.03552690781634873,0.006604510963189476,0.016942152332797448
1.0,6,300,1200,0.026755852842809364,8.0,0.24706611800622655,0.134711111111111,7.0,8.0,9.0,11.0,0.025827468827468825,0.0,0.013986013986013986,0.047619047619047616,0.025706654796349877,77,1,1.0,0.0,0,0.0,0.0,6.0,5.836666666666667,10,0.32735416666666667,0.14666666666666667,0.11133333333333328,-0.08568762487419265,0.006382035404794599,0.01626968275135455
1.0,7,300,1200,0.026755852842809364,8.0,0.24916527312876754,0.1395277777777777,6.0,8.0,9.0,11.0,0.021837754837754835,0.0,0.0,0.03571428571428571,0.021009337483325924,63,1,1.0,0.0,0,0.0,0.0,5.0,4.983333333333333,11,0.32412812500000004,0.12333333333333334,0.15393939393939404,-0.069478278248,0.006581013943986486,0.015078390911351538
1.0,8,300,1200,0.026755852842809364,8.0,0.25658007197234417,0.14359166666666656,7.0,8.0,9.0,12.0,0.022995245495245495,0.0,0.0,0.03636363636363636,0.02192205491585474,66,1,1.0,0.0,0,0.0,0.0,5.0,4.98,11,0.31864895833333334,0.12333333333333334,0.11757575757575767,-0.07314074047727329,0.0063967404912246536,0.015537589863872811
1.0,9,300,1200,0.026755852842809364,8.0,0.22798940033840753,0.12692222222222216,7.0,8.0,9.0,11.0,0.01796151996151996,0.0,0.0,0.03571428571428571,0.018541409147095178,55,1,1.0,0.0,0,0.0,0.0,6.0,5.703333333333333,12,0.3150986111111111,0.12333333333333334,0.19333333333333336,-0.07779052941469981,0.006455649862378685,0.015188978807274857
